<?xml version="1.0" ?>
<jobSummary archiveFilename="/auto/iconatest-bgl/production/hcl/pyats3.6.3/users/udasubra/archive/21-09/wired_client_assurance_job.2021Sep02_13:42:32.685371.zip" atsTreePath="/auto/iconatest-bgl/production/hcl/pyats3.6.3">
  <jobName>wired_client_assurance_job</jobName>
  <image/>
  <aborted>0</aborted>
  <passed>6</passed>
  <passx>0</passx>
  <failed>22</failed>
  <blocked>0</blocked>
  <skipped>0</skipped>
  <errored>4</errored>
  <unknown>0</unknown>
  <never_ran>0</never_ran>
  <total>32</total>
  <success_rate>18.75</success_rate>
  <starttime>2021-09-02T13:42:38</starttime>
  <stoptime>2021-09-02T18:57:48</stoptime>
  <runtime>05:15:10</runtime>
  <testbed/>
  <release/>
  <submitter>udasubra</submitter>
  <debugProfile>0</debugProfile>
  <host>bgl-ads-2812</host>
</jobSummary>
