<?xml version="1.0" ?>
<jobSummary archiveFilename="/auto/iconatest-bgl/production/hcl/pyats3.6.3/users/udasubra/archive/21-09/wired_client_assurance_job.2021Sep04_10:13:08.047842.zip" atsTreePath="/auto/iconatest-bgl/production/hcl/pyats3.6.3">
  <jobName>wired_client_assurance_job</jobName>
  <image/>
  <aborted>0</aborted>
  <passed>8</passed>
  <passx>0</passx>
  <failed>20</failed>
  <blocked>0</blocked>
  <skipped>0</skipped>
  <errored>4</errored>
  <unknown>0</unknown>
  <never_ran>0</never_ran>
  <total>32</total>
  <success_rate>25.0</success_rate>
  <starttime>2021-09-04T10:13:13</starttime>
  <stoptime>2021-09-04T15:38:31</stoptime>
  <runtime>05:25:18</runtime>
  <testbed/>
  <release/>
  <submitter>udasubra</submitter>
  <debugProfile>0</debugProfile>
  <host>bgl-ads-2812</host>
</jobSummary>
