<?xml version="1.0" ?>
<jobSummary archiveFilename="/auto/iconatest-bgl/production/hcl/pyats3.6.3/users/udasubra/archive/22-02/wired_client_assurance_job.2022Feb03_12:27:05.732380.zip" atsTreePath="/auto/iconatest-bgl/production/hcl/pyats3.6.3">
  <jobName>wired_client_assurance_job</jobName>
  <image/>
  <aborted>0</aborted>
  <passed>14</passed>
  <passx>0</passx>
  <failed>14</failed>
  <blocked>0</blocked>
  <skipped>0</skipped>
  <errored>4</errored>
  <unknown>0</unknown>
  <never_ran>0</never_ran>
  <total>32</total>
  <success_rate>43.75</success_rate>
  <starttime>2022-02-03T12:27:11</starttime>
  <stoptime>2022-02-03T19:15:54</stoptime>
  <runtime>06:48:43</runtime>
  <testbed/>
  <release/>
  <submitter>udasubra</submitter>
  <debugProfile>0</debugProfile>
  <host>bgl-ads-2809</host>
</jobSummary>
