<?xml version="1.0" ?>
<jobSummary archiveFilename="/auto/iconatest-bgl/production/hcl/pyats3.6.3/users/udasubra/archive/22-02/wired_client_assurance_job.2022Feb08_07:47:09.464949.zip" atsTreePath="/auto/iconatest-bgl/production/hcl/pyats3.6.3">
  <jobName>wired_client_assurance_job</jobName>
  <image/>
  <aborted>0</aborted>
  <passed>13</passed>
  <passx>0</passx>
  <failed>15</failed>
  <blocked>0</blocked>
  <skipped>0</skipped>
  <errored>4</errored>
  <unknown>0</unknown>
  <never_ran>0</never_ran>
  <total>32</total>
  <success_rate>40.62</success_rate>
  <starttime>2022-02-08T07:47:14</starttime>
  <stoptime>2022-02-08T14:52:42</stoptime>
  <runtime>07:05:28</runtime>
  <testbed/>
  <release/>
  <submitter>udasubra</submitter>
  <debugProfile>0</debugProfile>
  <host>bgl-ads-2809</host>
</jobSummary>
