<?xml version="1.0" ?>
<jobSummary archiveFilename="/auto/iconatest-bgl/production/hcl/pyats3.6.3/users/udasubra/archive/21-12/wired_client_assurance_job.2021Dec01_08:18:36.473142.zip" atsTreePath="/auto/iconatest-bgl/production/hcl/pyats3.6.3">
  <jobName>wired_client_assurance_job</jobName>
  <image/>
  <aborted>0</aborted>
  <passed>5</passed>
  <passx>0</passx>
  <failed>22</failed>
  <blocked>0</blocked>
  <skipped>0</skipped>
  <errored>5</errored>
  <unknown>0</unknown>
  <never_ran>0</never_ran>
  <total>32</total>
  <success_rate>15.62</success_rate>
  <starttime>2021-12-01T08:18:41</starttime>
  <stoptime>2021-12-01T13:24:49</stoptime>
  <runtime>05:06:08</runtime>
  <testbed/>
  <release/>
  <submitter>udasubra</submitter>
  <debugProfile>0</debugProfile>
  <host>bgl-ads-2809</host>
</jobSummary>
