{"version": "3.0", "report": {"type": "TestSuite", "id": "wired_client_assurance_job.2021Sep29_16:27:10.195306", "fullid": "wired_client_assurance_job.2021Sep29_16:27:10.195306", "idlist": ["wired_client_assurance_job.2021Sep29_16:27:10.195306"], "name": "wired_client_assurance_job", "starttime": "2021-09-29 16:27:16.418557", "stoptime": "2021-09-29 16:27:19.561912", "runtime": 3.143355, "cli": "/auto/iconatest-bgl/production/hcl/pyats3.6.3/bin/easypy wired_client_assurance_job.py --testbed=/auto/date/enterprise/projects/preg/scripts/feature/dnac_assurance/data/wired_client_testbed_preg.yaml --config=/auto/date/enterprise/projects/preg/scripts/feature/dnac_assurance/data/wired_client_local_preg.json --script wired_client_assurance.py --input=/auto/iconatest-bgl/users/udasubra/preg/scripts/feature/dnac_assurance/data/wired_client_input_preg.json --controller_ip=10.126.109.107 --testbed_e2e=/auto/date/enterprise/projects/preg/scripts/feature/dnac_assurance/data/wired_client_topo_preg.yaml --device_list=edge-9300", "jobfile": "/auto/iconatest-bgl/users/udasubra/preg/scripts/feature/dnac_assurance/wired_client_assurance_job.py", "pyatspath": "/auto/iconatest-bgl/production/hcl/pyats3.6.3", "pyatsversion": "21.5", "host": "bgl-ads-2812", "submitter": "udasubra", "archivefile": "/auto/iconatest-bgl/production/hcl/pyats3.6.3/users/udasubra/archive/21-09/wired_client_assurance_job.2021Sep29_16:27:10.195306.zip", "summary": {"passed": 0, "passx": 0, "failed": 0, "errored": 0, "aborted": 0, "blocked": 0, "skipped": 0, "total": 0, "success_rate": 0.0}, "pluginsummary": {"passed": 0, "passx": 0, "failed": 0, "errored": 0, "aborted": 0, "blocked": 0, "skipped": 0, "total": 0, "success_rate": 0.0}, "details": ["Caught error during task execution: Task-1: wired_client_assurance.py\nTraceback (most recent call last):\n  File \"/auto/iconatest-bgl/production/hcl/pyats3.6.3/lib/python3.6/site-packages/pyats/aetest/main.py\", line 193, in run\n    reporter = self.reporter)\n  File \"/auto/iconatest-bgl/production/hcl/pyats3.6.3/lib/python3.6/site-packages/pyats/aetest/script.py\", line 69, in from_source\n    module = loader.load(testable)\n  File \"/auto/iconatest-bgl/production/hcl/pyats3.6.3/lib/python3.6/site-packages/pyats/utils/import_utils/flex.py\", line 64, in load\n    module = self.load_module_from_file(obj)\n  File \"/auto/iconatest-bgl/production/hcl/pyats3.6.3/lib/python3.6/site-packages/pyats/utils/import_utils/flex.py\", line 117, in load_module_from_file\n    module = loader.load_module()\n  File \"<frozen importlib._bootstrap_external>\", line 399, in _check_name_wrapper\n  File \"<frozen importlib._bootstrap_external>\", line 823, in load_module\n  File \"<frozen importlib._bootstrap_external>\", line 682, in load_module\n  File \"<frozen importlib._bootstrap>\", line 265, in _load_module_shim\n  File \"<frozen importlib._bootstrap>\", line 684, in _load\n  File \"<frozen importlib._bootstrap>\", line 665, in _load_unlocked\n  File \"<frozen importlib._bootstrap_external>\", line 674, in exec_module\n  File \"<frozen importlib._bootstrap_external>\", line 781, in get_code\n  File \"<frozen importlib._bootstrap_external>\", line 741, in source_to_code\n  File \"<frozen importlib._bootstrap>\", line 219, in _call_with_frames_removed\n  File \"/auto/iconatest-bgl/users/udasubra/preg/scripts/feature/dnac_assurance/wired_client_assurance.py\", line 1853\n    ForkedPdb().set_trace()\n            ^\nSyntaxError: invalid syntax"], "totaltasks": 1}}