{"version": "3.0", "report": {"type": "TestSuite", "id": "wired_client_assurance_job.2021Sep02_13:41:04.548800", "fullid": "wired_client_assurance_job.2021Sep02_13:41:04.548800", "idlist": ["wired_client_assurance_job.2021Sep02_13:41:04.548800"], "name": "wired_client_assurance_job", "starttime": "2021-09-02 13:41:11.122036", "stoptime": "2021-09-02 13:42:00.038117", "runtime": 48.916081, "cli": "/auto/iconatest-bgl/production/hcl/pyats3.6.3/bin/easypy wired_client_assurance_job.py --testbed=/auto/date/enterprise/projects/preg/scripts/feature/dnac_assurance/data/wired_client_testbed_preg.yaml --config=/auto/date/enterprise/projects/preg/scripts/feature/dnac_assurance/data/wired_client_local_preg.json --script wired_client_assurance.py --input=/auto/iconatest-bgl/users/udasubra/preg/scripts/feature/dnac_assurance/data/wired_client_input_preg.json --controller_ip=10.126.109.107 --testbed_e2e=/auto/date/enterprise/projects/preg/scripts/feature/dnac_assurance/data/wired_client_topo_preg.yaml --device_list=edge-9300", "jobfile": "/auto/iconatest-bgl/users/udasubra/preg/scripts/feature/dnac_assurance/wired_client_assurance_job.py", "pyatspath": "/auto/iconatest-bgl/production/hcl/pyats3.6.3", "pyatsversion": "21.5", "host": "bgl-ads-2812", "submitter": "udasubra", "archivefile": "/auto/iconatest-bgl/production/hcl/pyats3.6.3/users/udasubra/archive/21-09/wired_client_assurance_job.2021Sep02_13:41:04.548800.zip", "summary": {"passed": 0, "passx": 0, "failed": 0, "errored": 2, "aborted": 0, "blocked": 30, "skipped": 0, "total": 32, "success_rate": 0.0}, "pluginsummary": {"passed": 0, "passx": 0, "failed": 0, "errored": 0, "aborted": 0, "blocked": 0, "skipped": 0, "total": 0, "success_rate": 0.0}, "totaltasks": 1, "tasks": [{"type": "Task", "id": "Task-1", "fullid": "Task-1", "idlist": ["Task-1"], "name": "wired_client_assurance", "starttime": "2021-09-02 13:41:15.214447", "stoptime": "2021-09-02 13:41:59.164882", "runtime": 43.950435, "description": "\n***********************************************************\n         DNA Center  Wired Client Assurance Testing\n***********************************************************\n", "logfile": "TaskLog.Task-1", "testscript": "/auto/iconatest-bgl/users/udasubra/preg/scripts/feature/dnac_assurance/wired_client_assurance.py", "summary": {"passed": 0, "passx": 0, "failed": 0, "errored": 2, "aborted": 0, "blocked": 30, "skipped": 0, "total": 32, "success_rate": 0.0}, "pluginsummary": {"passed": 0, "passx": 0, "failed": 0, "errored": 0, "aborted": 0, "blocked": 0, "skipped": 0, "total": 0, "success_rate": 0.0}, "sections": [{"type": "CommonSetup", "id": "common_setup", "fullid": "Task-1.common_setup", "idlist": ["Task-1", "common_setup"], "name": "common_setup", "starttime": "2021-09-02 13:41:15.219104", "stoptime": "2021-09-02 13:41:38.921652", "runtime": 23.702548, "description": "\n    :param module: Setup Module\n        Connect to the devices cat9K/3k uut and cat9k dhcp server.\n        Check the connections and configure dhcp server pool on server\n        Configure AAA policies\n        Check the authentication status of the clients on the switch\n        Configure DHCP Server pool\n        Check the IP getting assigned for the clients\n\n    :returns: Basic Configurations, UUT, PEER Connection\n    ", "xref": {"file": "/auto/iconatest-bgl/users/udasubra/preg/scripts/feature/dnac_assurance/wired_client_assurance.py", "line": 974}, "logs": {"file": "TaskLog.Task-1", "begin": 0, "begin_lines": 0, "size": 18674, "size_lines": 116}, "result": {"value": "errored"}, "sections": [{"type": "Subsection", "id": "common_setup", "fullid": "Task-1.common_setup.common_setup", "idlist": ["Task-1", "common_setup", "common_setup"], "name": "common_setup", "starttime": "2021-09-02 13:41:15.221896", "stoptime": "2021-09-02 13:41:15.979524", "runtime": 0.757628, "description": " Common setup method for initializing test variables and parameters\n\n        :param config: config file json name\n        :param testbed: testbed for device connection\n        :param testbed_e2e: testbed for end to end test cases connection\n        :param input_file: input json file name\n        :param controller_ip: DNA Centre controller ip\n        :param device_list: Device under test list\n        :param host_list: list of host devices\n        :param stop_on_traffic_failure: True/False\n        :param cicd: True/False\n        :param underlay2overlay: True/False\n        :param configure_underlay: True/False\n        ", "xref": {"file": "/auto/iconatest-bgl/users/udasubra/preg/scripts/feature/dnac_assurance/wired_client_assurance.py", "line": 987}, "logs": {"file": "TaskLog.Task-1", "begin": 531, "begin_lines": 3, "size": 2233, "size_lines": 12}, "result": {"value": "passed", "reason": "Common Setup Completed Successfully"}, "details": ["/auto/iconatest-bgl/production/hcl/pyats3.6.3/lib/python3.6/site-packages/urllib3/connectionpool.py:1020:\nInsecureRequestWarning: Unverified HTTPS request is being made to host '10.126.109.107'. Adding certificate verification is strongly advised. See: https://urllib3.readthedocs.io/en/1.26.x/advanced-usage.html#ssl-warnings\n  InsecureRequestWarning,\n", "/auto/iconatest-bgl/production/hcl/pyats3.6.3/lib/python3.6/site-packages/urllib3/connectionpool.py:1020:\nInsecureRequestWarning: Unverified HTTPS request is being made to host '10.126.109.107'. Adding certificate verification is strongly advised. See: https://urllib3.readthedocs.io/en/1.26.x/advanced-usage.html#ssl-warnings\n  InsecureRequestWarning,\n"]}, {"type": "Subsection", "id": "connect_to_devices", "fullid": "Task-1.common_setup.connect_to_devices", "idlist": ["Task-1", "common_setup", "connect_to_devices"], "name": "connect_to_devices", "starttime": "2021-09-02 13:41:15.993312", "stoptime": "2021-09-02 13:41:38.700984", "runtime": 22.707672, "description": "Discover and Connect the devices from self.testbed_client file", "xref": {"file": "/auto/iconatest-bgl/users/udasubra/preg/scripts/feature/dnac_assurance/wired_client_assurance.py", "line": 1220}, "logs": {"file": "TaskLog.Task-1", "begin": 2764, "begin_lines": 15, "size": 13074, "size_lines": 85}, "result": {"value": "errored", "reason": "Caught an exception while executing subsection connect_to_devices", "data": {"traceback": "Traceback (most recent call last):\n  File \"/auto/iconatest-bgl/production/hcl/pyats3.6.3/lib/python3.6/site-packages/unicon/eal/backend/pty_backend.py\", line 496, in _read\n    return os.read(self.fd, size)\nOSError: [Errno 5] Input/output error\n\nThe above exception was the direct cause of the following exception:\n\nTraceback (most recent call last):\n  File \"/auto/iconatest-bgl/production/hcl/pyats3.6.3/lib/python3.6/site-packages/unicon/statemachine/statemachine.py\", line 720, in go_to\n    output = transition.do_transitions()\n  File \"/auto/iconatest-bgl/production/hcl/pyats3.6.3/lib/python3.6/site-packages/unicon/statemachine/statetransition.py\", line 481, in do_transitions\n    timeout=self.timeout)\n  File \"/auto/iconatest-bgl/production/hcl/pyats3.6.3/lib/python3.6/site-packages/unicon/eal/dialogs.py\", line 459, in process\n    return dp.process()\n  File \"/auto/iconatest-bgl/production/hcl/pyats3.6.3/lib/python3.6/site-packages/unicon/eal/dialog_processor.py\", line 321, in process\n    if self.expect_eval_statements(pat) is True:\n  File \"/auto/iconatest-bgl/production/hcl/pyats3.6.3/lib/python3.6/site-packages/unicon/eal/dialog_processor.py\", line 219, in expect_eval_statements\n    if self.spawn.read_update_buffer():\n  File \"/auto/iconatest-bgl/production/hcl/pyats3.6.3/lib/python3.6/site-packages/unicon/eal/backend/pty_backend.py\", line 133, in read_update_buffer\n    data = self.read(size)\n  File \"/auto/iconatest-bgl/production/hcl/pyats3.6.3/lib/python3.6/site-packages/unicon/eal/backend/pty_backend.py\", line 118, in read\n    byte_data = self._read(size)\n  File \"/auto/iconatest-bgl/production/hcl/pyats3.6.3/lib/python3.6/site-packages/unicon/eal/backend/pty_backend.py\", line 499, in _read\n    raise EOF('Unable to read. Connection closed or not available', e) from e\nunicon.core.errors.EOF: ('Unable to read. Connection closed or not available', OSError(5, 'Input/output error'))\n\nThe above exception was the direct cause of the following exception:\n\nTraceback (most recent call last):\n  File \"/auto/iconatest-bgl/production/hcl/pyats3.6.3/lib/python3.6/site-packages/unicon/bases/routers/connection.py\", line 576, in connect\n    self.connection_provider.connect()\n  File \"/auto/iconatest-bgl/production/hcl/pyats3.6.3/lib/python3.6/site-packages/unicon/bases/routers/connection_provider.py\", line 344, in connect\n    self.establish_connection()\n  File \"/auto/iconatest-bgl/production/hcl/pyats3.6.3/lib/python3.6/site-packages/unicon/bases/routers/connection_provider.py\", line 391, in establish_connection\n    dialog=self.get_connection_dialog())\n  File \"/auto/iconatest-bgl/production/hcl/pyats3.6.3/lib/python3.6/site-packages/unicon/statemachine/statemachine.py\", line 725, in go_to\n    str(expected_state)) from err\nunicon.core.errors.StateMachineError: Failed while bringing device to \"any\" state\n\nThe above exception was the direct cause of the following exception:\n\nTraceback (most recent call last):\n  File \"/auto/iconatest-bgl/users/udasubra/preg/scripts/feature/dnac_assurance/wired_client_assurance.py\", line 1241, in connect_to_devices\n    Variables.device_dict[dev_object].connect()\n  File \"/auto/iconatest-bgl/production/hcl/pyats3.6.3/lib/python3.6/site-packages/pyats/connections/manager.py\", line 426, in connect\n    output = connection.connect()\n  File \"/auto/iconatest-bgl/production/hcl/pyats3.6.3/lib/python3.6/site-packages/unicon/bases/routers/connection.py\", line 583, in connect\n    self.hostname) from err\nunicon.core.errors.ConnectionError: failed to connect to edge-9300\n"}}, "details": ["/auto/iconatest-bgl/production/hcl/pyats3.6.3/lib/python3.6/site-packages/unicon/adapters/topology.py:306:\nDeprecationWarning: The 'series' key has been deprecated, it is replaced by the 'platform' key.\n  \" by the 'platform' key.\", DeprecationWarning)\n", "/auto/iconatest-bgl/production/hcl/pyats3.6.3/lib/python3.6/site-packages/unicon/adapters/topology.py:306:\nDeprecationWarning: The 'series' key has been deprecated, it is replaced by the 'platform' key.\n  \" by the 'platform' key.\", DeprecationWarning)\n", "/auto/iconatest-bgl/production/hcl/pyats3.6.3/lib/python3.6/site-packages/unicon/adapters/topology.py:306:\nDeprecationWarning: The 'series' key has been deprecated, it is replaced by the 'platform' key.\n  \" by the 'platform' key.\", DeprecationWarning)\n", "Caught an exception while executing subsection connect_to_devices:\nTraceback (most recent call last):\n  File \"/auto/iconatest-bgl/production/hcl/pyats3.6.3/lib/python3.6/site-packages/unicon/eal/backend/pty_backend.py\", line 496, in _read\n    return os.read(self.fd, size)\nOSError: [Errno 5] Input/output error\n\nThe above exception was the direct cause of the following exception:\n\nTraceback (most recent call last):\n  File \"/auto/iconatest-bgl/production/hcl/pyats3.6.3/lib/python3.6/site-packages/unicon/statemachine/statemachine.py\", line 720, in go_to\n    output = transition.do_transitions()\n  File \"/auto/iconatest-bgl/production/hcl/pyats3.6.3/lib/python3.6/site-packages/unicon/statemachine/statetransition.py\", line 481, in do_transitions\n    timeout=self.timeout)\n  File \"/auto/iconatest-bgl/production/hcl/pyats3.6.3/lib/python3.6/site-packages/unicon/eal/dialogs.py\", line 459, in process\n    return dp.process()\n  File \"/auto/iconatest-bgl/production/hcl/pyats3.6.3/lib/python3.6/site-packages/unicon/eal/dialog_processor.py\", line 321, in process\n    if self.expect_eval_statements(pat) is True:\n  File \"/auto/iconatest-bgl/production/hcl/pyats3.6.3/lib/python3.6/site-packages/unicon/eal/dialog_processor.py\", line 219, in expect_eval_statements\n    if self.spawn.read_update_buffer():\n  File \"/auto/iconatest-bgl/production/hcl/pyats3.6.3/lib/python3.6/site-packages/unicon/eal/backend/pty_backend.py\", line 133, in read_update_buffer\n    data = self.read(size)\n  File \"/auto/iconatest-bgl/production/hcl/pyats3.6.3/lib/python3.6/site-packages/unicon/eal/backend/pty_backend.py\", line 118, in read\n    byte_data = self._read(size)\n  File \"/auto/iconatest-bgl/production/hcl/pyats3.6.3/lib/python3.6/site-packages/unicon/eal/backend/pty_backend.py\", line 499, in _read\n    raise EOF('Unable to read. Connection closed or not available', e) from e\nunicon.core.errors.EOF: ('Unable to read. Connection closed or not available', OSError(5, 'Input/output error'))\n\nThe above exception was the direct cause of the following exception:\n\nTraceback (most recent call last):\n  File \"/auto/iconatest-bgl/production/hcl/pyats3.6.3/lib/python3.6/site-packages/unicon/bases/routers/connection.py\", line 576, in connect\n    self.connection_provider.connect()\n  File \"/auto/iconatest-bgl/production/hcl/pyats3.6.3/lib/python3.6/site-packages/unicon/bases/routers/connection_provider.py\", line 344, in connect\n    self.establish_connection()\n  File \"/auto/iconatest-bgl/production/hcl/pyats3.6.3/lib/python3.6/site-packages/unicon/bases/routers/connection_provider.py\", line 391, in establish_connection\n    dialog=self.get_connection_dialog())\n  File \"/auto/iconatest-bgl/production/hcl/pyats3.6.3/lib/python3.6/site-packages/unicon/statemachine/statemachine.py\", line 725, in go_to\n    str(expected_state)) from err\nunicon.core.errors.StateMachineError: Failed while bringing device to \"any\" state\n\nThe above exception was the direct cause of the following exception:\n\nTraceback (most recent call last):\n  File \"/auto/iconatest-bgl/users/udasubra/preg/scripts/feature/dnac_assurance/wired_client_assurance.py\", line 1241, in connect_to_devices\n    Variables.device_dict[dev_object].connect()\n  File \"/auto/iconatest-bgl/production/hcl/pyats3.6.3/lib/python3.6/site-packages/pyats/connections/manager.py\", line 426, in connect\n    output = connection.connect()\n  File \"/auto/iconatest-bgl/production/hcl/pyats3.6.3/lib/python3.6/site-packages/unicon/bases/routers/connection.py\", line 583, in connect\n    self.hostname) from err\nunicon.core.errors.ConnectionError: failed to connect to edge-9300\n"]}, {"type": "Subsection", "id": "dnac_connect", "fullid": "Task-1.common_setup.dnac_connect", "idlist": ["Task-1", "common_setup", "dnac_connect"], "name": "dnac_connect", "starttime": "2021-09-02 13:41:38.707745", "stoptime": "2021-09-02 13:41:38.910793", "runtime": 0.203048, "description": " method to create DNAC connect objects and add it to             location accessoble from the global interacter ", "xref": {"file": "/auto/iconatest-bgl/users/udasubra/preg/scripts/feature/dnac_assurance/wired_client_assurance.py", "line": 1244}, "logs": {"file": "TaskLog.Task-1", "begin": 15838, "begin_lines": 100, "size": 2017, "size_lines": 11}, "result": {"value": "passed"}, "details": ["/auto/iconatest-bgl/production/hcl/pyats3.6.3/lib/python3.6/site-packages/urllib3/connectionpool.py:1020:\nInsecureRequestWarning: Unverified HTTPS request is being made to host '10.126.109.107'. Adding certificate verification is strongly advised. See: https://urllib3.readthedocs.io/en/1.26.x/advanced-usage.html#ssl-warnings\n  InsecureRequestWarning,\n"]}, {"type": "Subsection", "id": "create_parent_parameters", "fullid": "Task-1.common_setup.create_parent_parameters", "idlist": ["Task-1", "common_setup", "create_parent_parameters"], "name": "create_parent_parameters", "starttime": "2021-09-02 13:41:38.915890", "stoptime": "2021-09-02 13:41:38.916881", "runtime": 0.000991, "description": "  method to accumulate all created variables and add it to parent parameters                 which can be accessed to all the test scripts ", "xref": {"file": "/auto/iconatest-bgl/users/udasubra/preg/scripts/feature/dnac_assurance/wired_client_assurance.py", "line": 1275}, "logs": {"file": "TaskLog.Task-1", "begin": 17855, "begin_lines": 111, "size": 692, "size_lines": 4}, "result": {"value": "passed"}}]}, {"type": "Testcase", "id": "TestBrownFieldScenario", "fullid": "Task-1.TestBrownFieldScenario", "idlist": ["Task-1", "TestBrownFieldScenario"], "name": "TestBrownFieldScenario", "starttime": "2021-09-02 13:41:38.923716", "stoptime": "2021-09-02 13:41:38.924482", "runtime": 0.000766, "description": " This script to Test Brownfield Scenario ", "xref": {"file": "/auto/iconatest-bgl/users/udasubra/preg/scripts/feature/dnac_assurance/wired_client_assurance.py", "line": 1301}, "logs": {"file": "TaskLog.Task-1", "begin": 18674, "begin_lines": 116, "size": 842, "size_lines": 5}, "result": {"value": "blocked", "reason": "common_setup did not pass"}}, {"type": "Testcase", "id": "TestTelemetryConnectionBrownField", "fullid": "Task-1.TestTelemetryConnectionBrownField", "idlist": ["Task-1", "TestTelemetryConnectionBrownField"], "name": "TestTelemetryConnectionBrownField", "starttime": "2021-09-02 13:41:38.927197", "stoptime": "2021-09-02 13:41:38.927937", "runtime": 0.00074, "description": " This class is to test the telemetry connection details on the brownfield scenario", "xref": {"file": "/auto/iconatest-bgl/users/udasubra/preg/scripts/feature/dnac_assurance/wired_client_assurance.py", "line": 1511}, "logs": {"file": "TaskLog.Task-1", "begin": 19516, "begin_lines": 121, "size": 864, "size_lines": 5}, "result": {"value": "blocked", "reason": "common_setup did not pass"}}, {"type": "Testcase", "id": "DnacGreenFieldScenario", "fullid": "Task-1.DnacGreenFieldScenario", "idlist": ["Task-1", "DnacGreenFieldScenario"], "name": "DnacGreenFieldScenario", "starttime": "2021-09-02 13:41:38.933793", "stoptime": "2021-09-02 13:41:38.934555", "runtime": 0.000762, "description": "\n    Class to test GreenField Wired client Assurance features\n    ", "xref": {"file": "/auto/iconatest-bgl/users/udasubra/preg/scripts/feature/dnac_assurance/wired_client_assurance.py", "line": 1559}, "logs": {"file": "TaskLog.Task-1", "begin": 20380, "begin_lines": 126, "size": 842, "size_lines": 5}, "result": {"value": "blocked", "reason": "common_setup did not pass"}}, {"type": "Testcase", "id": "TestTelemetryConnectionGreenField", "fullid": "Task-1.TestTelemetryConnectionGreenField", "idlist": ["Task-1", "TestTelemetryConnectionGreenField"], "name": "TestTelemetryConnectionGreenField", "starttime": "2021-09-02 13:41:38.936756", "stoptime": "2021-09-02 13:41:38.937491", "runtime": 0.000735, "description": "This class verifies the Telemtry connection for the Greenfield scenario", "xref": {"file": "/auto/iconatest-bgl/users/udasubra/preg/scripts/feature/dnac_assurance/wired_client_assurance.py", "line": 1750}, "logs": {"file": "TaskLog.Task-1", "begin": 21222, "begin_lines": 131, "size": 864, "size_lines": 5}, "result": {"value": "blocked", "reason": "common_setup did not pass"}}, {"type": "Testcase", "id": "DeviceConfigurations", "fullid": "Task-1.DeviceConfigurations", "idlist": ["Task-1", "DeviceConfigurations"], "name": "DeviceConfigurations", "starttime": "2021-09-02 13:41:38.942746", "stoptime": "2021-09-02 13:41:38.943483", "runtime": 0.000737, "description": "This Class is for configuring all the necessary AAA configurations with AAA and Client Configurations", "xref": {"file": "/auto/iconatest-bgl/users/udasubra/preg/scripts/feature/dnac_assurance/wired_client_assurance.py", "line": 1800}, "logs": {"file": "TaskLog.Task-1", "begin": 22086, "begin_lines": 136, "size": 838, "size_lines": 5}, "result": {"value": "blocked", "reason": "common_setup did not pass"}}, {"type": "Testcase", "id": "PopulateAccessDictionary", "fullid": "Task-1.PopulateAccessDictionary", "idlist": ["Task-1", "PopulateAccessDictionary"], "name": "PopulateAccessDictionary", "starttime": "2021-09-02 13:41:38.947406", "stoptime": "2021-09-02 13:41:38.948124", "runtime": 0.000718, "description": " This class is to make sure the clients are up and get the client MAC details", "xref": {"file": "/auto/iconatest-bgl/users/udasubra/preg/scripts/feature/dnac_assurance/wired_client_assurance.py", "line": 1828}, "logs": {"file": "TaskLog.Task-1", "begin": 22924, "begin_lines": 141, "size": 846, "size_lines": 5}, "result": {"value": "blocked", "reason": "common_setup did not pass"}}, {"type": "Testcase", "id": "TestRemoveNetconf", "fullid": "Task-1.TestRemoveNetconf", "idlist": ["Task-1", "TestRemoveNetconf"], "name": "TestRemoveNetconf", "starttime": "2021-09-02 13:41:38.957175", "stoptime": "2021-09-02 13:41:38.957929", "runtime": 0.000754, "description": "\n    Class to test behavior on Netconf configuration change\n    ", "xref": {"file": "/auto/iconatest-bgl/users/udasubra/preg/scripts/feature/dnac_assurance/wired_client_assurance.py", "line": 1898}, "logs": {"file": "TaskLog.Task-1", "begin": 23770, "begin_lines": 146, "size": 832, "size_lines": 5}, "result": {"value": "blocked", "reason": "common_setup did not pass"}}, {"type": "Testcase", "id": "TestIpDhcpFailure", "fullid": "Task-1.TestIpDhcpFailure", "idlist": ["Task-1", "TestIpDhcpFailure"], "name": "TestIpDhcpFailure", "starttime": "2021-09-02 13:41:38.960140", "stoptime": "2021-09-02 13:41:38.960858", "runtime": 0.000718, "description": "\n    Class to test behavior on DHCP IP failure and IP_ASSIGNEMT issue is created in client 360 page\n    ", "xref": {"file": "/auto/iconatest-bgl/users/udasubra/preg/scripts/feature/dnac_assurance/wired_client_assurance.py", "line": 1971}, "logs": {"file": "TaskLog.Task-1", "begin": 24602, "begin_lines": 151, "size": 832, "size_lines": 5}, "result": {"value": "blocked", "reason": "common_setup did not pass"}}, {"type": "Testcase", "id": "TestAaaDown", "fullid": "Task-1.TestAaaDown", "idlist": ["Task-1", "TestAaaDown"], "name": "TestAaaDown", "starttime": "2021-09-02 13:41:38.965253", "stoptime": "2021-09-02 13:41:38.965971", "runtime": 0.000718, "description": "\n    Class to test behavior on AAA Failure and AAA AUTH failure issue is being created on client 360 page\n    ", "xref": {"file": "/auto/iconatest-bgl/users/udasubra/preg/scripts/feature/dnac_assurance/wired_client_assurance.py", "line": 2170}, "logs": {"file": "TaskLog.Task-1", "begin": 25434, "begin_lines": 156, "size": 820, "size_lines": 5}, "result": {"value": "blocked", "reason": "common_setup did not pass"}}, {"type": "Testcase", "id": "DeviceTrackingDbCleared", "fullid": "Task-1.DeviceTrackingDbCleared", "idlist": ["Task-1", "DeviceTrackingDbCleared"], "name": "DeviceTrackingDbCleared", "starttime": "2021-09-02 13:41:38.969942", "stoptime": "2021-09-02 13:41:38.970682", "runtime": 0.00074, "description": "\n    Class to test behavior on device tracking database clearing\n    ", "xref": {"file": "/auto/iconatest-bgl/users/udasubra/preg/scripts/feature/dnac_assurance/wired_client_assurance.py", "line": 2341}, "logs": {"file": "TaskLog.Task-1", "begin": 26254, "begin_lines": 161, "size": 844, "size_lines": 5}, "result": {"value": "blocked", "reason": "common_setup did not pass"}}, {"type": "Testcase", "id": "TestAuthenticatorAndTimeout", "fullid": "Task-1.TestAuthenticatorAndTimeout", "idlist": ["Task-1", "TestAuthenticatorAndTimeout"], "name": "TestAuthenticatorAndTimeout", "starttime": "2021-09-02 13:41:38.975911", "stoptime": "2021-09-02 13:41:38.976648", "runtime": 0.000737, "description": "\n    Class to test behavior on dot1x authentication configuration change\n    ", "xref": {"file": "/auto/iconatest-bgl/users/udasubra/preg/scripts/feature/dnac_assurance/wired_client_assurance.py", "line": 2543}, "logs": {"file": "TaskLog.Task-1", "begin": 27098, "begin_lines": 166, "size": 852, "size_lines": 5}, "result": {"value": "blocked", "reason": "common_setup did not pass"}}, {"type": "Testcase", "id": "AccessVlanChange", "fullid": "Task-1.AccessVlanChange", "idlist": ["Task-1", "AccessVlanChange"], "name": "AccessVlanChange", "starttime": "2021-09-02 13:41:38.981136", "stoptime": "2021-09-02 13:41:38.981865", "runtime": 0.000729, "description": "\n    Class to test behavior on access vlan configuration change\n    ", "xref": {"file": "/auto/iconatest-bgl/users/udasubra/preg/scripts/feature/dnac_assurance/wired_client_assurance.py", "line": 2783}, "logs": {"file": "TaskLog.Task-1", "begin": 27950, "begin_lines": 171, "size": 830, "size_lines": 5}, "result": {"value": "blocked", "reason": "common_setup did not pass"}}, {"type": "Testcase", "id": "TestAccessSessionHostMode", "fullid": "Task-1.TestAccessSessionHostMode", "idlist": ["Task-1", "TestAccessSessionHostMode"], "name": "TestAccessSessionHostMode", "starttime": "2021-09-02 13:41:38.986900", "stoptime": "2021-09-02 13:41:38.987627", "runtime": 0.000727, "description": "\n    Class to test behavior on access session host mode configuration change\n    ", "xref": {"file": "/auto/iconatest-bgl/users/udasubra/preg/scripts/feature/dnac_assurance/wired_client_assurance.py", "line": 3012}, "logs": {"file": "TaskLog.Task-1", "begin": 28780, "begin_lines": 176, "size": 848, "size_lines": 5}, "result": {"value": "blocked", "reason": "common_setup did not pass"}}, {"type": "Testcase", "id": "TestIpDeleteAccessVlan", "fullid": "Task-1.TestIpDeleteAccessVlan", "idlist": ["Task-1", "TestIpDeleteAccessVlan"], "name": "TestIpDeleteAccessVlan", "starttime": "2021-09-02 13:41:38.990865", "stoptime": "2021-09-02 13:41:38.991600", "runtime": 0.000735, "description": "\n    Class to test behavior on Access VLAN ip removal\n    ", "xref": {"file": "/auto/iconatest-bgl/users/udasubra/preg/scripts/feature/dnac_assurance/wired_client_assurance.py", "line": 3245}, "logs": {"file": "TaskLog.Task-1", "begin": 29628, "begin_lines": 181, "size": 842, "size_lines": 5}, "result": {"value": "blocked", "reason": "common_setup did not pass"}}, {"type": "Testcase", "id": "ShutAccessVlan", "fullid": "Task-1.ShutAccessVlan", "idlist": ["Task-1", "ShutAccessVlan"], "name": "ShutAccessVlan", "starttime": "2021-09-02 13:41:38.996783", "stoptime": "2021-09-02 13:41:38.997529", "runtime": 0.000746, "description": "\n    Class to test Access VLAN shutdown\n    ", "xref": {"file": "/auto/iconatest-bgl/users/udasubra/preg/scripts/feature/dnac_assurance/wired_client_assurance.py", "line": 3472}, "logs": {"file": "TaskLog.Task-1", "begin": 30470, "begin_lines": 186, "size": 826, "size_lines": 5}, "result": {"value": "blocked", "reason": "common_setup did not pass"}}, {"type": "Testcase", "id": "RemoveAccessVlan", "fullid": "Task-1.RemoveAccessVlan", "idlist": ["Task-1", "RemoveAccessVlan"], "name": "RemoveAccessVlan", "starttime": "2021-09-02 13:41:39.001970", "stoptime": "2021-09-02 13:41:39.002722", "runtime": 0.000752, "description": "\n    Class to test behavior on Access VLAN removal\n    ", "xref": {"file": "/auto/iconatest-bgl/users/udasubra/preg/scripts/feature/dnac_assurance/wired_client_assurance.py", "line": 3681}, "logs": {"file": "TaskLog.Task-1", "begin": 31296, "begin_lines": 191, "size": 830, "size_lines": 5}, "result": {"value": "blocked", "reason": "common_setup did not pass"}}, {"type": "Testcase", "id": "ConcurrentAuthAllSuccess", "fullid": "Task-1.ConcurrentAuthAllSuccess", "idlist": ["Task-1", "ConcurrentAuthAllSuccess"], "name": "ConcurrentAuthAllSuccess", "starttime": "2021-09-02 13:41:39.008306", "stoptime": "2021-09-02 13:41:39.009043", "runtime": 0.000737, "description": "\n    Class to test behavior for Concurrent Authentication with all success events\n    ", "xref": {"file": "/auto/iconatest-bgl/users/udasubra/preg/scripts/feature/dnac_assurance/wired_client_assurance.py", "line": 3892}, "logs": {"file": "TaskLog.Task-1", "begin": 32126, "begin_lines": 196, "size": 846, "size_lines": 5}, "result": {"value": "blocked", "reason": "common_setup did not pass"}}, {"type": "Testcase", "id": "ConcurrentAuthMabFailDot1xPass", "fullid": "Task-1.ConcurrentAuthMabFailDot1xPass", "idlist": ["Task-1", "ConcurrentAuthMabFailDot1xPass"], "name": "ConcurrentAuthMabFailDot1xPass", "starttime": "2021-09-02 13:41:39.013504", "stoptime": "2021-09-02 13:41:39.014236", "runtime": 0.000732, "description": "\n    Class to test behavior for Concurrent Authentication with MAB failure and DOT1X         authentication successful\n    ", "xref": {"file": "/auto/iconatest-bgl/users/udasubra/preg/scripts/feature/dnac_assurance/wired_client_assurance.py", "line": 4044}, "logs": {"file": "TaskLog.Task-1", "begin": 32972, "begin_lines": 201, "size": 858, "size_lines": 5}, "result": {"value": "blocked", "reason": "common_setup did not pass"}}, {"type": "Testcase", "id": "ConcurrentAuthDot1xFailMabPass", "fullid": "Task-1.ConcurrentAuthDot1xFailMabPass", "idlist": ["Task-1", "ConcurrentAuthDot1xFailMabPass"], "name": "ConcurrentAuthDot1xFailMabPass", "starttime": "2021-09-02 13:41:39.021206", "stoptime": "2021-09-02 13:41:39.021934", "runtime": 0.000728, "description": "\n    Class to test behavior for Concurrent Authentication with MAB success and DOT1X         authentication failure\n    ", "xref": {"file": "/auto/iconatest-bgl/users/udasubra/preg/scripts/feature/dnac_assurance/wired_client_assurance.py", "line": 4197}, "logs": {"file": "TaskLog.Task-1", "begin": 33830, "begin_lines": 206, "size": 858, "size_lines": 5}, "result": {"value": "blocked", "reason": "common_setup did not pass"}}, {"type": "Testcase", "id": "ConcurrentAuthAllFail", "fullid": "Task-1.ConcurrentAuthAllFail", "idlist": ["Task-1", "ConcurrentAuthAllFail"], "name": "ConcurrentAuthAllFail", "starttime": "2021-09-02 13:41:39.029922", "stoptime": "2021-09-02 13:41:39.030646", "runtime": 0.000724, "description": "\n    Class to test behavior for Concurrent Authentication with MAB failure and DOT1X         authentication failure\n    ", "xref": {"file": "/auto/iconatest-bgl/users/udasubra/preg/scripts/feature/dnac_assurance/wired_client_assurance.py", "line": 4354}, "logs": {"file": "TaskLog.Task-1", "begin": 34688, "begin_lines": 211, "size": 840, "size_lines": 5}, "result": {"value": "blocked", "reason": "common_setup did not pass"}}, {"type": "Testcase", "id": "ConcurrentAuthPriMabFailDot1xPass", "fullid": "Task-1.ConcurrentAuthPriMabFailDot1xPass", "idlist": ["Task-1", "ConcurrentAuthPriMabFailDot1xPass"], "name": "ConcurrentAuthPriMabFailDot1xPass", "starttime": "2021-09-02 13:41:39.036325", "stoptime": "2021-09-02 13:41:39.037041", "runtime": 0.000716, "description": "\n    Class to test behavior for Concurrent Authentication Privilege with MAB failure and DOT1X         authentication failure\n    ", "xref": {"file": "/auto/iconatest-bgl/users/udasubra/preg/scripts/feature/dnac_assurance/wired_client_assurance.py", "line": 4558}, "logs": {"file": "TaskLog.Task-1", "begin": 35528, "begin_lines": 216, "size": 864, "size_lines": 5}, "result": {"value": "blocked", "reason": "common_setup did not pass"}}, {"type": "Testcase", "id": "ConcurrentAuthPriMabPassDot1xFail", "fullid": "Task-1.ConcurrentAuthPriMabPassDot1xFail", "idlist": ["Task-1", "ConcurrentAuthPriMabPassDot1xFail"], "name": "ConcurrentAuthPriMabPassDot1xFail", "starttime": "2021-09-02 13:41:39.042951", "stoptime": "2021-09-02 13:41:39.043731", "runtime": 0.00078, "description": "\n    Class to test behavior for Concurrent Authentication Privilage with MAB success and DOT1X         authentication failure\n    ", "xref": {"file": "/auto/iconatest-bgl/users/udasubra/preg/scripts/feature/dnac_assurance/wired_client_assurance.py", "line": 4702}, "logs": {"file": "TaskLog.Task-1", "begin": 36392, "begin_lines": 221, "size": 864, "size_lines": 5}, "result": {"value": "blocked", "reason": "common_setup did not pass"}}, {"type": "Testcase", "id": "ErrDisableSecurityViolation", "fullid": "Task-1.ErrDisableSecurityViolation", "idlist": ["Task-1", "ErrDisableSecurityViolation"], "name": "ErrDisableSecurityViolation", "starttime": "2021-09-02 13:41:39.051956", "stoptime": "2021-09-02 13:41:39.052801", "runtime": 0.000845, "description": "\n    Class to test behavior for Security Violation with an Err Disabled Policy\n    ", "xref": {"file": "/auto/iconatest-bgl/users/udasubra/preg/scripts/feature/dnac_assurance/wired_client_assurance.py", "line": 4859}, "logs": {"file": "TaskLog.Task-1", "begin": 37256, "begin_lines": 226, "size": 852, "size_lines": 5}, "result": {"value": "blocked", "reason": "common_setup did not pass"}}, {"type": "Testcase", "id": "ProtectSecurityViolation", "fullid": "Task-1.ProtectSecurityViolation", "idlist": ["Task-1", "ProtectSecurityViolation"], "name": "ProtectSecurityViolation", "starttime": "2021-09-02 13:41:39.055150", "stoptime": "2021-09-02 13:41:39.055878", "runtime": 0.000728, "description": "\n    Class to test behavior for Security Violation with Protected Policy\n    ", "xref": {"file": "/auto/iconatest-bgl/users/udasubra/preg/scripts/feature/dnac_assurance/wired_client_assurance.py", "line": 5021}, "logs": {"file": "TaskLog.Task-1", "begin": 38108, "begin_lines": 231, "size": 846, "size_lines": 5}, "result": {"value": "blocked", "reason": "common_setup did not pass"}}, {"type": "Testcase", "id": "ReplaceSecurityViolation", "fullid": "Task-1.ReplaceSecurityViolation", "idlist": ["Task-1", "ReplaceSecurityViolation"], "name": "ReplaceSecurityViolation", "starttime": "2021-09-02 13:41:39.059423", "stoptime": "2021-09-02 13:41:39.060139", "runtime": 0.000716, "description": "\n    Class to test behavior for Security Violation with Replace Policy\n    ", "xref": {"file": "/auto/iconatest-bgl/users/udasubra/preg/scripts/feature/dnac_assurance/wired_client_assurance.py", "line": 5190}, "logs": {"file": "TaskLog.Task-1", "begin": 38954, "begin_lines": 236, "size": 846, "size_lines": 5}, "result": {"value": "blocked", "reason": "common_setup did not pass"}}, {"type": "Testcase", "id": "RestrictSecurityViolation", "fullid": "Task-1.RestrictSecurityViolation", "idlist": ["Task-1", "RestrictSecurityViolation"], "name": "RestrictSecurityViolation", "starttime": "2021-09-02 13:41:39.064817", "stoptime": "2021-09-02 13:41:39.065540", "runtime": 0.000723, "description": "\n    Class to test behavior for Secutiry Violation with a Restricted Policy\n    ", "xref": {"file": "/auto/iconatest-bgl/users/udasubra/preg/scripts/feature/dnac_assurance/wired_client_assurance.py", "line": 5351}, "logs": {"file": "TaskLog.Task-1", "begin": 39800, "begin_lines": 241, "size": 848, "size_lines": 5}, "result": {"value": "blocked", "reason": "common_setup did not pass"}}, {"type": "Testcase", "id": "TestDeviceReload", "fullid": "Task-1.TestDeviceReload", "idlist": ["Task-1", "TestDeviceReload"], "name": "TestDeviceReload", "starttime": "2021-09-02 13:41:39.070014", "stoptime": "2021-09-02 13:41:39.070753", "runtime": 0.000739, "description": "\n    Class to test behavior after a device reload\n    ", "xref": {"file": "/auto/iconatest-bgl/users/udasubra/preg/scripts/feature/dnac_assurance/wired_client_assurance.py", "line": 5520}, "logs": {"file": "TaskLog.Task-1", "begin": 40648, "begin_lines": 246, "size": 830, "size_lines": 5}, "result": {"value": "blocked", "reason": "common_setup did not pass"}}, {"type": "Testcase", "id": "TestSwo", "fullid": "Task-1.TestSwo", "idlist": ["Task-1", "TestSwo"], "name": "TestSwo", "starttime": "2021-09-02 13:41:39.073179", "stoptime": "2021-09-02 13:41:39.073896", "runtime": 0.000717, "description": "\n    Class to test behavior after a Redundency Switchover\n    ", "xref": {"file": "/auto/iconatest-bgl/users/udasubra/preg/scripts/feature/dnac_assurance/wired_client_assurance.py", "line": 5586}, "logs": {"file": "TaskLog.Task-1", "begin": 41478, "begin_lines": 251, "size": 812, "size_lines": 5}, "result": {"value": "blocked", "reason": "common_setup did not pass"}}, {"type": "Testcase", "id": "ISSUUpdate", "fullid": "Task-1.ISSUUpdate", "idlist": ["Task-1", "ISSUUpdate"], "name": "ISSUUpdate", "starttime": "2021-09-02 13:41:39.078674", "stoptime": "2021-09-02 13:41:39.079404", "runtime": 0.00073, "description": "\n    Class to test behavior after an ISSU updation\n    ", "xref": {"file": "/auto/iconatest-bgl/users/udasubra/preg/scripts/feature/dnac_assurance/wired_client_assurance.py", "line": 5668}, "logs": {"file": "TaskLog.Task-1", "begin": 42290, "begin_lines": 256, "size": 818, "size_lines": 5}, "result": {"value": "blocked", "reason": "common_setup did not pass"}}, {"type": "Testcase", "id": "DeleteDevicesFromDnac", "fullid": "Task-1.DeleteDevicesFromDnac", "idlist": ["Task-1", "DeleteDevicesFromDnac"], "name": "DeleteDevicesFromDnac", "starttime": "2021-09-02 13:41:39.084772", "stoptime": "2021-09-02 13:41:39.085490", "runtime": 0.000718, "description": "\n    Class is to test the deletion of Devices from Dnac\n    ", "xref": {"file": "/auto/iconatest-bgl/users/udasubra/preg/scripts/feature/dnac_assurance/wired_client_assurance.py", "line": 5746}, "logs": {"file": "TaskLog.Task-1", "begin": 43108, "begin_lines": 261, "size": 840, "size_lines": 5}, "result": {"value": "blocked", "reason": "common_setup did not pass"}}, {"type": "CommonCleanup", "id": "common_cleanup", "fullid": "Task-1.common_cleanup", "idlist": ["Task-1", "common_cleanup"], "name": "common_cleanup", "starttime": "2021-09-02 13:41:39.089548", "stoptime": "2021-09-02 13:41:59.154717", "runtime": 20.065169, "description": "\n    Common cleanup removes all the configs leaves the devices at the starting state.\n    ", "xref": {"file": "/auto/iconatest-bgl/users/udasubra/preg/scripts/feature/dnac_assurance/wired_client_assurance.py", "line": 5849}, "logs": {"file": "TaskLog.Task-1", "begin": 43948, "begin_lines": 266, "size": 2928, "size_lines": 17}, "result": {"value": "errored"}, "sections": [{"type": "Subsection", "id": "clean_up_devices", "fullid": "Task-1.common_cleanup.clean_up_devices", "idlist": ["Task-1", "common_cleanup", "clean_up_devices"], "name": "clean_up_devices", "starttime": "2021-09-02 13:41:39.090345", "stoptime": "2021-09-02 13:41:39.094316", "runtime": 0.003971, "description": " clean up all the configs from devices ", "xref": {"file": "/auto/iconatest-bgl/users/udasubra/preg/scripts/feature/dnac_assurance/wired_client_assurance.py", "line": 5854}, "logs": {"file": "TaskLog.Task-1", "begin": 44491, "begin_lines": 269, "size": 1565, "size_lines": 9}, "result": {"value": "errored", "reason": "Caught an exception while executing subsection clean_up_devices", "data": {"traceback": "Traceback (most recent call last):\n  File \"/auto/iconatest-bgl/users/udasubra/preg/scripts/feature/dnac_assurance/wired_client_assurance.py\", line 5857, in clean_up_devices\n    for uut in Variables.telemetry_success_devices:\nAttributeError: type object 'Variables' has no attribute 'telemetry_success_devices'\n"}}, "details": ["Caught an exception while executing subsection clean_up_devices:\nTraceback (most recent call last):\n  File \"/auto/iconatest-bgl/users/udasubra/preg/scripts/feature/dnac_assurance/wired_client_assurance.py\", line 5857, in clean_up_devices\n    for uut in Variables.telemetry_success_devices:\nAttributeError: type object 'Variables' has no attribute 'telemetry_success_devices'\n"]}, {"type": "Subsection", "id": "disconnect_from_devices", "fullid": "Task-1.common_cleanup.disconnect_from_devices", "idlist": ["Task-1", "common_cleanup", "disconnect_from_devices"], "name": "disconnect_from_devices", "starttime": "2021-09-02 13:41:39.099370", "stoptime": "2021-09-02 13:41:59.142527", "runtime": 20.043157, "description": " Disconnect all the devices ", "xref": {"file": "/auto/iconatest-bgl/users/udasubra/preg/scripts/feature/dnac_assurance/wired_client_assurance.py", "line": 5884}, "logs": {"file": "TaskLog.Task-1", "begin": 46056, "begin_lines": 278, "size": 691, "size_lines": 4}, "result": {"value": "passed"}}]}]}]}}