<?xml version="1.0" ?>
<jobSummary archiveFilename="/auto/iconatest-bgl/production/hcl/pyats3.6.3/users/udasubra/archive/21-09/wired_client_assurance_job.2021Sep29_22:16:01.293902.zip" atsTreePath="/auto/iconatest-bgl/production/hcl/pyats3.6.3">
  <jobName>wired_client_assurance_job</jobName>
  <image/>
  <aborted>0</aborted>
  <passed>8</passed>
  <passx>0</passx>
  <failed>20</failed>
  <blocked>0</blocked>
  <skipped>0</skipped>
  <errored>4</errored>
  <unknown>0</unknown>
  <never_ran>0</never_ran>
  <total>32</total>
  <success_rate>25.0</success_rate>
  <starttime>2021-09-29T22:16:07</starttime>
  <stoptime>2021-09-30T03:48:22</stoptime>
  <runtime>05:32:15</runtime>
  <testbed/>
  <release/>
  <submitter>udasubra</submitter>
  <debugProfile>0</debugProfile>
  <host>bgl-ads-2812</host>
</jobSummary>
