{"version": "3.0", "report": {"type": "TestSuite", "id": "wired_client_assurance_job.2022Feb02_01:06:39.219672", "fullid": "wired_client_assurance_job.2022Feb02_01:06:39.219672", "idlist": ["wired_client_assurance_job.2022Feb02_01:06:39.219672"], "name": "wired_client_assurance_job", "starttime": "2022-02-02 01:06:45.074640", "stoptime": "2022-02-02 01:08:34.720559", "runtime": 109.645919, "cli": "/auto/iconatest-bgl/production/hcl/pyats3.6.3/bin/easypy wired_client_assurance_job.py --testbed=/auto/date/enterprise/projects/preg/scripts/feature/dnac_assurance/data/wired_client_testbed_preg.yaml --config=/auto/date/enterprise/projects/preg/scripts/feature/dnac_assurance/data/wired_client_local_preg.json --script wired_client_assurance.py --input=/auto/iconatest-bgl/users/udasubra/preg/scripts/feature/dnac_assurance/data/wired_client_input_preg.json --controller_ip=10.126.109.107 --testbed_e2e=/auto/date/enterprise/projects/preg/scripts/feature/dnac_assurance/data/wired_client_topo_preg.yaml --device_list=edge-9300", "jobfile": "/auto/iconatest-bgl/users/udasubra/preg/scripts/feature/dnac_assurance/wired_client_assurance_job.py", "pyatspath": "/auto/iconatest-bgl/production/hcl/pyats3.6.3", "pyatsversion": "21.5", "host": "bgl-ads-2809", "submitter": "udasubra", "archivefile": "/auto/iconatest-bgl/production/hcl/pyats3.6.3/users/udasubra/archive/22-02/wired_client_assurance_job.2022Feb02_01:06:39.219672.zip", "summary": {"passed": 0, "passx": 0, "failed": 0, "errored": 2, "aborted": 0, "blocked": 30, "skipped": 0, "total": 32, "success_rate": 0.0}, "pluginsummary": {"passed": 0, "passx": 0, "failed": 0, "errored": 0, "aborted": 0, "blocked": 0, "skipped": 0, "total": 0, "success_rate": 0.0}, "totaltasks": 1, "tasks": [{"type": "Task", "id": "Task-1", "fullid": "Task-1", "idlist": ["Task-1"], "name": "wired_client_assurance", "starttime": "2022-02-02 01:06:48.663334", "stoptime": "2022-02-02 01:08:33.872613", "runtime": 105.209279, "description": "\n***********************************************************\n         DNA Center  Wired Client Assurance Testing\n***********************************************************\n", "logfile": "TaskLog.Task-1", "testscript": "/auto/iconatest-bgl/users/udasubra/preg/scripts/feature/dnac_assurance/wired_client_assurance.py", "summary": {"passed": 0, "passx": 0, "failed": 0, "errored": 2, "aborted": 0, "blocked": 30, "skipped": 0, "total": 32, "success_rate": 0.0}, "pluginsummary": {"passed": 0, "passx": 0, "failed": 0, "errored": 0, "aborted": 0, "blocked": 0, "skipped": 0, "total": 0, "success_rate": 0.0}, "sections": [{"type": "CommonSetup", "id": "common_setup", "fullid": "Task-1.common_setup", "idlist": ["Task-1", "common_setup"], "name": "common_setup", "starttime": "2022-02-02 01:06:48.667744", "stoptime": "2022-02-02 01:08:13.719089", "runtime": 85.051345, "description": "\n    :param module: Setup Module\n        Connect to the devices cat9K/3k uut and cat9k dhcp server.\n        Check the connections and configure dhcp server pool on server\n        Configure AAA policies\n        Check the authentication status of the clients on the switch\n        Configure DHCP Server pool\n        Check the IP getting assigned for the clients\n\n    :returns: Basic Configurations, UUT, PEER Connection\n    ", "xref": {"file": "/auto/iconatest-bgl/users/udasubra/preg/scripts/feature/dnac_assurance/wired_client_assurance.py", "line": 974}, "logs": {"file": "TaskLog.Task-1", "begin": 0, "begin_lines": 0, "size": 38273, "size_lines": 257}, "result": {"value": "errored"}, "sections": [{"type": "Subsection", "id": "common_setup", "fullid": "Task-1.common_setup.common_setup", "idlist": ["Task-1", "common_setup", "common_setup"], "name": "common_setup", "starttime": "2022-02-02 01:06:48.671113", "stoptime": "2022-02-02 01:06:49.522500", "runtime": 0.851387, "description": " Common setup method for initializing test variables and parameters\n\n        :param config: config file json name\n        :param testbed: testbed for device connection\n        :param testbed_e2e: testbed for end to end test cases connection\n        :param input_file: input json file name\n        :param controller_ip: DNA Centre controller ip\n        :param device_list: Device under test list\n        :param host_list: list of host devices\n        :param stop_on_traffic_failure: True/False\n        :param cicd: True/False\n        :param underlay2overlay: True/False\n        :param configure_underlay: True/False\n        ", "xref": {"file": "/auto/iconatest-bgl/users/udasubra/preg/scripts/feature/dnac_assurance/wired_client_assurance.py", "line": 987}, "logs": {"file": "TaskLog.Task-1", "begin": 531, "begin_lines": 3, "size": 2233, "size_lines": 12}, "result": {"value": "passed", "reason": "Common Setup Completed Successfully"}, "details": ["/auto/iconatest-bgl/production/hcl/pyats3.6.3/lib/python3.6/site-packages/urllib3/connectionpool.py:1020:\nInsecureRequestWarning: Unverified HTTPS request is being made to host '10.126.109.107'. Adding certificate verification is strongly advised. See: https://urllib3.readthedocs.io/en/1.26.x/advanced-usage.html#ssl-warnings\n  InsecureRequestWarning,\n", "/auto/iconatest-bgl/production/hcl/pyats3.6.3/lib/python3.6/site-packages/urllib3/connectionpool.py:1020:\nInsecureRequestWarning: Unverified HTTPS request is being made to host '10.126.109.107'. Adding certificate verification is strongly advised. See: https://urllib3.readthedocs.io/en/1.26.x/advanced-usage.html#ssl-warnings\n  InsecureRequestWarning,\n"]}, {"type": "Subsection", "id": "connect_to_devices", "fullid": "Task-1.common_setup.connect_to_devices", "idlist": ["Task-1", "common_setup", "connect_to_devices"], "name": "connect_to_devices", "starttime": "2022-02-02 01:06:49.526183", "stoptime": "2022-02-02 01:08:13.512573", "runtime": 83.98639, "description": "Discover and Connect the devices from self.testbed_client file", "xref": {"file": "/auto/iconatest-bgl/users/udasubra/preg/scripts/feature/dnac_assurance/wired_client_assurance.py", "line": 1220}, "logs": {"file": "TaskLog.Task-1", "begin": 2764, "begin_lines": 15, "size": 32667, "size_lines": 226}, "result": {"value": "errored", "reason": "Caught an exception while executing subsection connect_to_devices", "data": {"traceback": "Traceback (most recent call last):\n  File \"/auto/iconatest-bgl/production/hcl/pyats3.6.3/lib/python3.6/site-packages/unicon/plugins/generic/service_implementation.py\", line 701, in call_service\n    context=con.context\n  File \"/auto/iconatest-bgl/production/hcl/pyats3.6.3/lib/python3.6/site-packages/unicon/eal/dialogs.py\", line 459, in process\n    return dp.process()\n  File \"/auto/iconatest-bgl/production/hcl/pyats3.6.3/lib/python3.6/site-packages/unicon/eal/dialog_processor.py\", line 326, in process\n    self.timeout_handler()\n  File \"/auto/iconatest-bgl/production/hcl/pyats3.6.3/lib/python3.6/site-packages/unicon/eal/dialog_processor.py\", line 293, in timeout_handler\n    repr(self.spawn.buffer)))\nunicon.core.errors.TimeoutError: timeout occurred:\n              timeout value: 60\n              last_command: 'show version\\r'\n             pattern: ['^.*\\\\[confirm\\\\]\\\\s*\\\\[y/n\\\\].*$', '^.*\\\\[confirm(\\\\(y/n\\\\))?\\\\].*$', '^.*\\\\[yes[/,][Nn][Oo]\\\\]\\\\s?:?\\\\s*$', '^.*?%\\\\w+(-\\\\w+)?-\\\\d+-\\\\w+.*$', '^.*Overwrite the previous NVRAM configuration\\\\?\\\\[confirm\\\\].*$', '^.*Delete filename \\\\[.*\\\\]\\\\?\\\\s*$', '^.*\\\\[confirm\\\\]\\\\s*$', '^.*Do you want to continue\\\\? \\\\[no\\\\]:\\\\s*$', '^.*Do you want to remove the above files\\\\? \\\\[y\\\\/n]\\\\s*$', '^.*--\\\\s?[Mm]ore\\\\s?--.*$', '^(.*?)(WLC|Router|RouterRP|Switch|ios|switch|edge-9300)([0-9])?(\\\\(standby\\\\))?(-stby)?(-standby)?(\\\\(boot\\\\))?(\\\\(recovery-mode\\\\))?#[\\\\s\\\\x07]*$', '^(.*?)(WLC|Router|RouterRP|Switch|ios|switch|edge-9300)([0-9])?(\\\\(standby\\\\))?(-stby)?(-standby)?(\\\\(boot\\\\))?(\\\\(recovery-mode\\\\))?>\\\\s?$', '^(.*)\\\\(.*(con|cfg|ipsec-profile|ca-trustpoint|cs-server|ca-profile|gkm-local-server|cloud)\\\\S*\\\\)#\\\\s?$', 'rommon[\\\\s\\\\d]*>\\\\s?$', '[S|s]tandby console disabled', '^(.*?)\\\\[(edge-9300|[Ss]witch|[Rr]outer).*?\\\\]\\\\$\\\\s?$']\n             buffer:'show version\\r\\nCisco IOS XE Software, Version 17.07.01\\r\\nCisco IOS Software [Cupertino], Catalyst L3 Switch Software (CAT9K_IOSXE), Version 17.7.1, RELEASE SOFTWARE (fc5)\\r\\nTechnical Support: http://www.cisco.com/techsupport\\r\\nCopyright (c) 1986-2021 by Cisco Systems, Inc.\\r\\nCompiled Sat 04-Dec-21 15:59 by mcpre\\r\\n\\r\\n\\r\\nCisco IOS-XE software, Copyright (c) 2005-2021 by cisco Systems, Inc.\\r\\nAll rights reserved.  Certain components of Cisco IOS-XE software are\\r\\nlicensed under the GNU General Public License (\"GPL\") Version 2.0.  The\\r\\nsoftware code licensed under GPL Version 2.0 is free software that comes\\r\\nwith ABSOLUTELY NO WARRANTY.  You can redistribute and/or modify such\\r\\nGPL code under the terms of GPL Version 2.0.  For more details, see the\\r\\ndocumentation or \"License Notice\" file accompanying the IOS-XE software,\\r\\nor the applicable URL provided on the flyer accompanying the IOS-XE\\r\\nsoftware.\\r\\n\\r\\n\\r\\nROM: IOS-XE ROMMON\\r\\nBOOTLDR: System Bootstrap, Version 17.8.2r, DEVELOPMENT SOFTWARE\\r\\n\\r\\nedge-9300 uptime is 4 days, 9 hours, 19 minutes\\r\\nUptime for this control processor is 4 days, 9 hours, 23 minutes\\r\\nSystem returned to ROM by SSO Switchover at 10:11:44 UTC Fri Jan 28 2022\\r\\nSystem restarted at 10:19:00 UTC Fri Jan 28 2022\\r\\nSystem image file is \"flash:packages.conf\"\\r\\nLast reload reason: Admin reload CLI\\r\\n\\r\\n\\r\\n\\r\\nThis product contains cryptographic features and is subject to United\\r\\nStates and local country laws governing import, export, transfer and\\r\\nuse. Delivery of Cisco cryptographic products does not imply\\r\\nthird-party authority to import, export, distribute or use encryption.\\r\\nImporters, exporters, distributors and users are responsible for\\r\\ncompliance with U.S. and local country laws. By using this product you\\r\\nagree to comply with applicable laws and regulations. If you are unable\\r\\nto comply with U.S. and local laws, return this product immediately.\\r\\n\\r\\nA summary of U.S. laws governing Cisco cryptographic products may be found at:\\r\\nhttp://www.cisco.com/wwl/export/crypto/tool/stqrg.html\\r\\n\\r\\nIf you require further assistance please contact us by sending email to\\r\\nexport@cisco.com.\\r\\n\\r\\n\\r\\nTechnology Package License Information: \\r\\n\\r\\n------------------------------------------------------------------------------\\r\\nTechnology-package                                     Technology-package\\r\\nCurrent                        Type                       Next reboot  \\r\\n------------------------------------------------------------------------------\\r\\nnetwork-advantage   \\tSmart License                 \\t network-advantage   \\r\\ndna-advantage       \\tSubscription Smart License    \\t dna-advantage                 \\r\\nAIR License Level: AIR DNA Advantage\\r\\nNext reload AIR license Level: AIR DNA Advantage\\r\\n\\r\\n\\r\\nSmart Licensing Status: Registration Not Applicable/Not Applicable\\r\\n\\r\\ncisco C9300-24UX (X86) processor with 1319367K/6147K bytes of memory.\\r\\nProcessor board ID FOC2429LHRE\\r\\n5 Virtual Ethernet interfaces\\r\\n60 Gigabit Ethernet interfaces\\r\\n72 Ten Gigabit Ethernet interfaces\\r\\n6 TwentyFive Gigabit Ethernet interfaces\\r\\n6 Forty Gigabit Ethernet interfaces\\r\\n2048K bytes of non-volatile configuration memory.\\r\\n8388608K bytes of physical memory.\\r\\n1638400K bytes of Crash Files at crashinfo:.\\r\\n1638400K bytes of Crash Files at crashinfo-3:.\\r\\n11264000K bytes of Flash at flash:.\\r\\n11264000K bytes of Flash at flash-3:.\\r\\n1638400K bytes of Crash Files at crashinfo-1:.\\r\\n11264000K bytes of Flash at flash-1:.\\r\\n\\r\\nBase Ethernet MAC Address          : 3c:13:cc:dc:04:80\\r\\nMotherboard Assembly Number        : 73-18276-04\\r\\nMotherboard Serial Number          : FOC242841DR\\r\\nModel Revision Number              : D0\\r\\nMotherboard Revision Number        : A0\\r\\nModel Number                       : C9300-24UX\\r\\nSystem Serial Number               : FOC2429LHRE\\r\\nCLEI Code Number                   : \\r\\n\\r\\n\\r\\nSwitch Ports Model              SW Version        SW Image              Mode   \\r\\n------ ----- -----              ----------        ----------            ----   \\r\\n     1 65    C9300-48P          17.07.01          CAT9K_IOSXE           INSTALL\\r\\n*    2 41    C9300-24UX         17.07.01          CAT9K_IOSXE           INSTALL\\r\\n     3 41    C9300-24UX         17.07.01          CAT9K_IOSXE           INSTALL\\r\\n\\r\\n\\r\\nSwitch 01\\r\\n---------\\r\\nSwitch uptime                      : 3 days, 1 hour, 20 minutes \\r\\n\\r\\nBase Ethernet MAC Address          : bc:4a:56:e0:aa:00\\r\\nMotherboard Assembly Number        : 73-18274-05\\r\\nMotherboard Serial Number          : FOC242842F3\\r\\nModel Revision Number              : A0\\r\\nMotherboard Revision Number        : A0\\r\\nModel Number                       : C9300-48P\\r\\nSystem Serial Number               : FOC2430LANK\\r\\nLast reload reason                 : redundancy force-switchover\\r\\nCLEI Code Number                   : \\r\\n\\r\\nSwitch 03\\r\\n---------\\r\\nSwitch uptime                      : 4 days, 9 hours, 23 minutes \\r\\n\\r\\nBase Ethernet MAC Address          : bc:4a:56:9a:94:80\\r\\nMotherboard Assembly Number        : 73-18276-04\\r\\nMotherboard Serial Number          : FOC242841L2\\r\\nModel Revision Number              : D0\\r\\nMotherboard Revision Number        : A0\\r\\nModel Number                       : C9300-24UX\\r\\nSystem Serial Number               : FOC2429LHV7\\r\\nLast reload reason                 : Admin reload CLI\\r\\nCLEI Code Number                   : \\r\\n\\r\\nedge-9300#\\r\\nJan 31 20:36:09.341: [console-relay] Ignoring temporary length setting (0).\\r\\nJan 31 20:36:09.557: [console-relay] Ignoring temporary width setting (0).'\n\nThe above exception was the direct cause of the following exception:\n\nTraceback (most recent call last):\n  File \"/auto/iconatest-bgl/production/hcl/pyats3.6.3/lib/python3.6/site-packages/unicon/bases/routers/connection.py\", line 576, in connect\n    self.connection_provider.connect()\n  File \"/auto/iconatest-bgl/production/hcl/pyats3.6.3/lib/python3.6/site-packages/unicon/bases/routers/connection_provider.py\", line 355, in connect\n    self.init_active()\n  File \"/auto/iconatest-bgl/production/hcl/pyats3.6.3/lib/python3.6/site-packages/unicon/bases/routers/connection_provider.py\", line 441, in init_active\n    self.execute_init_commands()\n  File \"/auto/iconatest-bgl/production/hcl/pyats3.6.3/lib/python3.6/site-packages/unicon/bases/routers/connection_provider.py\", line 119, in execute_init_commands\n    con.execute(command, prompt_recovery = self.prompt_recovery)\n  File \"/auto/iconatest-bgl/production/hcl/pyats3.6.3/lib/python3.6/site-packages/unicon/bases/routers/services.py\", line 254, in __call__\n    self.call_service(*args, **kwargs)\n  File \"/auto/iconatest-bgl/production/hcl/pyats3.6.3/lib/python3.6/site-packages/unicon/plugins/generic/service_implementation.py\", line 1748, in call_service\n    **kwargs)\n  File \"/auto/iconatest-bgl/production/hcl/pyats3.6.3/lib/python3.6/site-packages/unicon/bases/routers/services.py\", line 254, in __call__\n    self.call_service(*args, **kwargs)\n  File \"/auto/iconatest-bgl/production/hcl/pyats3.6.3/lib/python3.6/site-packages/unicon/plugins/generic/service_implementation.py\", line 710, in call_service\n    raise SubCommandFailure(\"Command execution failed\", err) from err\nunicon.core.errors.SubCommandFailure: ('Command execution failed', TimeoutError('timeout occurred:\\n              timeout value: 60\\n              last_command: \\'show version\\\\r\\'\\n             pattern: [\\'^.*\\\\\\\\[confirm\\\\\\\\]\\\\\\\\s*\\\\\\\\[y/n\\\\\\\\].*$\\', \\'^.*\\\\\\\\[confirm(\\\\\\\\(y/n\\\\\\\\))?\\\\\\\\].*$\\', \\'^.*\\\\\\\\[yes[/,][Nn][Oo]\\\\\\\\]\\\\\\\\s?:?\\\\\\\\s*$\\', \\'^.*?%\\\\\\\\w+(-\\\\\\\\w+)?-\\\\\\\\d+-\\\\\\\\w+.*$\\', \\'^.*Overwrite the previous NVRAM configuration\\\\\\\\?\\\\\\\\[confirm\\\\\\\\].*$\\', \\'^.*Delete filename \\\\\\\\[.*\\\\\\\\]\\\\\\\\?\\\\\\\\s*$\\', \\'^.*\\\\\\\\[confirm\\\\\\\\]\\\\\\\\s*$\\', \\'^.*Do you want to continue\\\\\\\\? \\\\\\\\[no\\\\\\\\]:\\\\\\\\s*$\\', \\'^.*Do you want to remove the above files\\\\\\\\? \\\\\\\\[y\\\\\\\\/n]\\\\\\\\s*$\\', \\'^.*--\\\\\\\\s?[Mm]ore\\\\\\\\s?--.*$\\', \\'^(.*?)(WLC|Router|RouterRP|Switch|ios|switch|edge-9300)([0-9])?(\\\\\\\\(standby\\\\\\\\))?(-stby)?(-standby)?(\\\\\\\\(boot\\\\\\\\))?(\\\\\\\\(recovery-mode\\\\\\\\))?#[\\\\\\\\s\\\\\\\\x07]*$\\', \\'^(.*?)(WLC|Router|RouterRP|Switch|ios|switch|edge-9300)([0-9])?(\\\\\\\\(standby\\\\\\\\))?(-stby)?(-standby)?(\\\\\\\\(boot\\\\\\\\))?(\\\\\\\\(recovery-mode\\\\\\\\))?>\\\\\\\\s?$\\', \\'^(.*)\\\\\\\\(.*(con|cfg|ipsec-profile|ca-trustpoint|cs-server|ca-profile|gkm-local-server|cloud)\\\\\\\\S*\\\\\\\\)#\\\\\\\\s?$\\', \\'rommon[\\\\\\\\s\\\\\\\\d]*>\\\\\\\\s?$\\', \\'[S|s]tandby console disabled\\', \\'^(.*?)\\\\\\\\[(edge-9300|[Ss]witch|[Rr]outer).*?\\\\\\\\]\\\\\\\\$\\\\\\\\s?$\\']\\n             buffer:\\'show version\\\\r\\\\nCisco IOS XE Software, Version 17.07.01\\\\r\\\\nCisco IOS Software [Cupertino], Catalyst L3 Switch Software (CAT9K_IOSXE), Version 17.7.1, RELEASE SOFTWARE (fc5)\\\\r\\\\nTechnical Support: http://www.cisco.com/techsupport\\\\r\\\\nCopyright (c) 1986-2021 by Cisco Systems, Inc.\\\\r\\\\nCompiled Sat 04-Dec-21 15:59 by mcpre\\\\r\\\\n\\\\r\\\\n\\\\r\\\\nCisco IOS-XE software, Copyright (c) 2005-2021 by cisco Systems, Inc.\\\\r\\\\nAll rights reserved.  Certain components of Cisco IOS-XE software are\\\\r\\\\nlicensed under the GNU General Public License (\"GPL\") Version 2.0.  The\\\\r\\\\nsoftware code licensed under GPL Version 2.0 is free software that comes\\\\r\\\\nwith ABSOLUTELY NO WARRANTY.  You can redistribute and/or modify such\\\\r\\\\nGPL code under the terms of GPL Version 2.0.  For more details, see the\\\\r\\\\ndocumentation or \"License Notice\" file accompanying the IOS-XE software,\\\\r\\\\nor the applicable URL provided on the flyer accompanying the IOS-XE\\\\r\\\\nsoftware.\\\\r\\\\n\\\\r\\\\n\\\\r\\\\nROM: IOS-XE ROMMON\\\\r\\\\nBOOTLDR: System Bootstrap, Version 17.8.2r, DEVELOPMENT SOFTWARE\\\\r\\\\n\\\\r\\\\nedge-9300 uptime is 4 days, 9 hours, 19 minutes\\\\r\\\\nUptime for this control processor is 4 days, 9 hours, 23 minutes\\\\r\\\\nSystem returned to ROM by SSO Switchover at 10:11:44 UTC Fri Jan 28 2022\\\\r\\\\nSystem restarted at 10:19:00 UTC Fri Jan 28 2022\\\\r\\\\nSystem image file is \"flash:packages.conf\"\\\\r\\\\nLast reload reason: Admin reload CLI\\\\r\\\\n\\\\r\\\\n\\\\r\\\\n\\\\r\\\\nThis product contains cryptographic features and is subject to United\\\\r\\\\nStates and local country laws governing import, export, transfer and\\\\r\\\\nuse. Delivery of Cisco cryptographic products does not imply\\\\r\\\\nthird-party authority to import, export, distribute or use encryption.\\\\r\\\\nImporters, exporters, distributors and users are responsible for\\\\r\\\\ncompliance with U.S. and local country laws. By using this product you\\\\r\\\\nagree to comply with applicable laws and regulations. If you are unable\\\\r\\\\nto comply with U.S. and local laws, return this product immediately.\\\\r\\\\n\\\\r\\\\nA summary of U.S. laws governing Cisco cryptographic products may be found at:\\\\r\\\\nhttp://www.cisco.com/wwl/export/crypto/tool/stqrg.html\\\\r\\\\n\\\\r\\\\nIf you require further assistance please contact us by sending email to\\\\r\\\\nexport@cisco.com.\\\\r\\\\n\\\\r\\\\n\\\\r\\\\nTechnology Package License Information: \\\\r\\\\n\\\\r\\\\n------------------------------------------------------------------------------\\\\r\\\\nTechnology-package                                     Technology-package\\\\r\\\\nCurrent                        Type                       Next reboot  \\\\r\\\\n------------------------------------------------------------------------------\\\\r\\\\nnetwork-advantage   \\\\tSmart License                 \\\\t network-advantage   \\\\r\\\\ndna-advantage       \\\\tSubscription Smart License    \\\\t dna-advantage                 \\\\r\\\\nAIR License Level: AIR DNA Advantage\\\\r\\\\nNext reload AIR license Level: AIR DNA Advantage\\\\r\\\\n\\\\r\\\\n\\\\r\\\\nSmart Licensing Status: Registration Not Applicable/Not Applicable\\\\r\\\\n\\\\r\\\\ncisco C9300-24UX (X86) processor with 1319367K/6147K bytes of memory.\\\\r\\\\nProcessor board ID FOC2429LHRE\\\\r\\\\n5 Virtual Ethernet interfaces\\\\r\\\\n60 Gigabit Ethernet interfaces\\\\r\\\\n72 Ten Gigabit Ethernet interfaces\\\\r\\\\n6 TwentyFive Gigabit Ethernet interfaces\\\\r\\\\n6 Forty Gigabit Ethernet interfaces\\\\r\\\\n2048K bytes of non-volatile configuration memory.\\\\r\\\\n8388608K bytes of physical memory.\\\\r\\\\n1638400K bytes of Crash Files at crashinfo:.\\\\r\\\\n1638400K bytes of Crash Files at crashinfo-3:.\\\\r\\\\n11264000K bytes of Flash at flash:.\\\\r\\\\n11264000K bytes of Flash at flash-3:.\\\\r\\\\n1638400K bytes of Crash Files at crashinfo-1:.\\\\r\\\\n11264000K bytes of Flash at flash-1:.\\\\r\\\\n\\\\r\\\\nBase Ethernet MAC Address          : 3c:13:cc:dc:04:80\\\\r\\\\nMotherboard Assembly Number        : 73-18276-04\\\\r\\\\nMotherboard Serial Number          : FOC242841DR\\\\r\\\\nModel Revision Number              : D0\\\\r\\\\nMotherboard Revision Number        : A0\\\\r\\\\nModel Number                       : C9300-24UX\\\\r\\\\nSystem Serial Number               : FOC2429LHRE\\\\r\\\\nCLEI Code Number                   : \\\\r\\\\n\\\\r\\\\n\\\\r\\\\nSwitch Ports Model              SW Version        SW Image              Mode   \\\\r\\\\n------ ----- -----              ----------        ----------            ----   \\\\r\\\\n     1 65    C9300-48P          17.07.01          CAT9K_IOSXE           INSTALL\\\\r\\\\n*    2 41    C9300-24UX         17.07.01          CAT9K_IOSXE           INSTALL\\\\r\\\\n     3 41    C9300-24UX         17.07.01          CAT9K_IOSXE           INSTALL\\\\r\\\\n\\\\r\\\\n\\\\r\\\\nSwitch 01\\\\r\\\\n---------\\\\r\\\\nSwitch uptime                      : 3 days, 1 hour, 20 minutes \\\\r\\\\n\\\\r\\\\nBase Ethernet MAC Address          : bc:4a:56:e0:aa:00\\\\r\\\\nMotherboard Assembly Number        : 73-18274-05\\\\r\\\\nMotherboard Serial Number          : FOC242842F3\\\\r\\\\nModel Revision Number              : A0\\\\r\\\\nMotherboard Revision Number        : A0\\\\r\\\\nModel Number                       : C9300-48P\\\\r\\\\nSystem Serial Number               : FOC2430LANK\\\\r\\\\nLast reload reason                 : redundancy force-switchover\\\\r\\\\nCLEI Code Number                   : \\\\r\\\\n\\\\r\\\\nSwitch 03\\\\r\\\\n---------\\\\r\\\\nSwitch uptime                      : 4 days, 9 hours, 23 minutes \\\\r\\\\n\\\\r\\\\nBase Ethernet MAC Address          : bc:4a:56:9a:94:80\\\\r\\\\nMotherboard Assembly Number        : 73-18276-04\\\\r\\\\nMotherboard Serial Number          : FOC242841L2\\\\r\\\\nModel Revision Number              : D0\\\\r\\\\nMotherboard Revision Number        : A0\\\\r\\\\nModel Number                       : C9300-24UX\\\\r\\\\nSystem Serial Number               : FOC2429LHV7\\\\r\\\\nLast reload reason                 : Admin reload CLI\\\\r\\\\nCLEI Code Number                   : \\\\r\\\\n\\\\r\\\\nedge-9300#\\\\r\\\\nJan 31 20:36:09.341: [console-relay] Ignoring temporary length setting (0).\\\\r\\\\nJan 31 20:36:09.557: [console-relay] Ignoring temporary width setting (0).\\'',))\n\nThe above exception was the direct cause of the following exception:\n\nTraceback (most recent call last):\n  File \"/auto/iconatest-bgl/users/udasubra/preg/scripts/feature/dnac_assurance/wired_client_assurance.py\", line 1241, in connect_to_devices\n    Variables.device_dict[dev_object].connect()\n  File \"/auto/iconatest-bgl/production/hcl/pyats3.6.3/lib/python3.6/site-packages/pyats/connections/manager.py\", line 426, in connect\n    output = connection.connect()\n  File \"/auto/iconatest-bgl/production/hcl/pyats3.6.3/lib/python3.6/site-packages/unicon/bases/routers/connection.py\", line 583, in connect\n    self.hostname) from err\nunicon.core.errors.ConnectionError: failed to connect to edge-9300\n"}}, "details": ["/auto/iconatest-bgl/production/hcl/pyats3.6.3/lib/python3.6/site-packages/unicon/adapters/topology.py:306:\nDeprecationWarning: The 'series' key has been deprecated, it is replaced by the 'platform' key.\n  \" by the 'platform' key.\", DeprecationWarning)\n", "/auto/iconatest-bgl/production/hcl/pyats3.6.3/lib/python3.6/site-packages/unicon/adapters/topology.py:306:\nDeprecationWarning: The 'series' key has been deprecated, it is replaced by the 'platform' key.\n  \" by the 'platform' key.\", DeprecationWarning)\n", "/auto/iconatest-bgl/production/hcl/pyats3.6.3/lib/python3.6/site-packages/unicon/adapters/topology.py:306:\nDeprecationWarning: The 'series' key has been deprecated, it is replaced by the 'platform' key.\n  \" by the 'platform' key.\", DeprecationWarning)\n", "Caught an exception while executing subsection connect_to_devices:\nTraceback (most recent call last):\n  File \"/auto/iconatest-bgl/production/hcl/pyats3.6.3/lib/python3.6/site-packages/unicon/plugins/generic/service_implementation.py\", line 701, in call_service\n    context=con.context\n  File \"/auto/iconatest-bgl/production/hcl/pyats3.6.3/lib/python3.6/site-packages/unicon/eal/dialogs.py\", line 459, in process\n    return dp.process()\n  File \"/auto/iconatest-bgl/production/hcl/pyats3.6.3/lib/python3.6/site-packages/unicon/eal/dialog_processor.py\", line 326, in process\n    self.timeout_handler()\n  File \"/auto/iconatest-bgl/production/hcl/pyats3.6.3/lib/python3.6/site-packages/unicon/eal/dialog_processor.py\", line 293, in timeout_handler\n    repr(self.spawn.buffer)))\nunicon.core.errors.TimeoutError: timeout occurred:\n              timeout value: 60\n              last_command: 'show version\\r'\n             pattern: ['^.*\\\\[confirm\\\\]\\\\s*\\\\[y/n\\\\].*$', '^.*\\\\[confirm(\\\\(y/n\\\\))?\\\\].*$', '^.*\\\\[yes[/,][Nn][Oo]\\\\]\\\\s?:?\\\\s*$', '^.*?%\\\\w+(-\\\\w+)?-\\\\d+-\\\\w+.*$', '^.*Overwrite the previous NVRAM configuration\\\\?\\\\[confirm\\\\].*$', '^.*Delete filename \\\\[.*\\\\]\\\\?\\\\s*$', '^.*\\\\[confirm\\\\]\\\\s*$', '^.*Do you want to continue\\\\? \\\\[no\\\\]:\\\\s*$', '^.*Do you want to remove the above files\\\\? \\\\[y\\\\/n]\\\\s*$', '^.*--\\\\s?[Mm]ore\\\\s?--.*$', '^(.*?)(WLC|Router|RouterRP|Switch|ios|switch|edge-9300)([0-9])?(\\\\(standby\\\\))?(-stby)?(-standby)?(\\\\(boot\\\\))?(\\\\(recovery-mode\\\\))?#[\\\\s\\\\x07]*$', '^(.*?)(WLC|Router|RouterRP|Switch|ios|switch|edge-9300)([0-9])?(\\\\(standby\\\\))?(-stby)?(-standby)?(\\\\(boot\\\\))?(\\\\(recovery-mode\\\\))?>\\\\s?$', '^(.*)\\\\(.*(con|cfg|ipsec-profile|ca-trustpoint|cs-server|ca-profile|gkm-local-server|cloud)\\\\S*\\\\)#\\\\s?$', 'rommon[\\\\s\\\\d]*>\\\\s?$', '[S|s]tandby console disabled', '^(.*?)\\\\[(edge-9300|[Ss]witch|[Rr]outer).*?\\\\]\\\\$\\\\s?$']\n             buffer:'show version\\r\\nCisco IOS XE Software, Version 17.07.01\\r\\nCisco IOS Software [Cupertino], Catalyst L3 Switch Software (CAT9K_IOSXE), Version 17.7.1, RELEASE SOFTWARE (fc5)\\r\\nTechnical Support: http://www.cisco.com/techsupport\\r\\nCopyright (c) 1986-2021 by Cisco Systems, Inc.\\r\\nCompiled Sat 04-Dec-21 15:59 by mcpre\\r\\n\\r\\n\\r\\nCisco IOS-XE software, Copyright (c) 2005-2021 by cisco Systems, Inc.\\r\\nAll rights reserved.  Certain components of Cisco IOS-XE software are\\r\\nlicensed under the GNU General Public License (\"GPL\") Version 2.0.  The\\r\\nsoftware code licensed under GPL Version 2.0 is free software that comes\\r\\nwith ABSOLUTELY NO WARRANTY.  You can redistribute and/or modify such\\r\\nGPL code under the terms of GPL Version 2.0.  For more details, see the\\r\\ndocumentation or \"License Notice\" file accompanying the IOS-XE software,\\r\\nor the applicable URL provided on the flyer accompanying the IOS-XE\\r\\nsoftware.\\r\\n\\r\\n\\r\\nROM: IOS-XE ROMMON\\r\\nBOOTLDR: System Bootstrap, Version 17.8.2r, DEVELOPMENT SOFTWARE\\r\\n\\r\\nedge-9300 uptime is 4 days, 9 hours, 19 minutes\\r\\nUptime for this control processor is 4 days, 9 hours, 23 minutes\\r\\nSystem returned to ROM by SSO Switchover at 10:11:44 UTC Fri Jan 28 2022\\r\\nSystem restarted at 10:19:00 UTC Fri Jan 28 2022\\r\\nSystem image file is \"flash:packages.conf\"\\r\\nLast reload reason: Admin reload CLI\\r\\n\\r\\n\\r\\n\\r\\nThis product contains cryptographic features and is subject to United\\r\\nStates and local country laws governing import, export, transfer and\\r\\nuse. Delivery of Cisco cryptographic products does not imply\\r\\nthird-party authority to import, export, distribute or use encryption.\\r\\nImporters, exporters, distributors and users are responsible for\\r\\ncompliance with U.S. and local country laws. By using this product you\\r\\nagree to comply with applicable laws and regulations. If you are unable\\r\\nto comply with U.S. and local laws, return this product immediately.\\r\\n\\r\\nA summary of U.S. laws governing Cisco cryptographic products may be found at:\\r\\nhttp://www.cisco.com/wwl/export/crypto/tool/stqrg.html\\r\\n\\r\\nIf you require further assistance please contact us by sending email to\\r\\nexport@cisco.com.\\r\\n\\r\\n\\r\\nTechnology Package License Information: \\r\\n\\r\\n------------------------------------------------------------------------------\\r\\nTechnology-package                                     Technology-package\\r\\nCurrent                        Type                       Next reboot  \\r\\n------------------------------------------------------------------------------\\r\\nnetwork-advantage   \\tSmart License                 \\t network-advantage   \\r\\ndna-advantage       \\tSubscription Smart License    \\t dna-advantage                 \\r\\nAIR License Level: AIR DNA Advantage\\r\\nNext reload AIR license Level: AIR DNA Advantage\\r\\n\\r\\n\\r\\nSmart Licensing Status: Registration Not Applicable/Not Applicable\\r\\n\\r\\ncisco C9300-24UX (X86) processor with 1319367K/6147K bytes of memory.\\r\\nProcessor board ID FOC2429LHRE\\r\\n5 Virtual Ethernet interfaces\\r\\n60 Gigabit Ethernet interfaces\\r\\n72 Ten Gigabit Ethernet interfaces\\r\\n6 TwentyFive Gigabit Ethernet interfaces\\r\\n6 Forty Gigabit Ethernet interfaces\\r\\n2048K bytes of non-volatile configuration memory.\\r\\n8388608K bytes of physical memory.\\r\\n1638400K bytes of Crash Files at crashinfo:.\\r\\n1638400K bytes of Crash Files at crashinfo-3:.\\r\\n11264000K bytes of Flash at flash:.\\r\\n11264000K bytes of Flash at flash-3:.\\r\\n1638400K bytes of Crash Files at crashinfo-1:.\\r\\n11264000K bytes of Flash at flash-1:.\\r\\n\\r\\nBase Ethernet MAC Address          : 3c:13:cc:dc:04:80\\r\\nMotherboard Assembly Number        : 73-18276-04\\r\\nMotherboard Serial Number          : FOC242841DR\\r\\nModel Revision Number              : D0\\r\\nMotherboard Revision Number        : A0\\r\\nModel Number                       : C9300-24UX\\r\\nSystem Serial Number               : FOC2429LHRE\\r\\nCLEI Code Number                   : \\r\\n\\r\\n\\r\\nSwitch Ports Model              SW Version        SW Image              Mode   \\r\\n------ ----- -----              ----------        ----------            ----   \\r\\n     1 65    C9300-48P          17.07.01          CAT9K_IOSXE           INSTALL\\r\\n*    2 41    C9300-24UX         17.07.01          CAT9K_IOSXE           INSTALL\\r\\n     3 41    C9300-24UX         17.07.01          CAT9K_IOSXE           INSTALL\\r\\n\\r\\n\\r\\nSwitch 01\\r\\n---------\\r\\nSwitch uptime                      : 3 days, 1 hour, 20 minutes \\r\\n\\r\\nBase Ethernet MAC Address          : bc:4a:56:e0:aa:00\\r\\nMotherboard Assembly Number        : 73-18274-05\\r\\nMotherboard Serial Number          : FOC242842F3\\r\\nModel Revision Number              : A0\\r\\nMotherboard Revision Number        : A0\\r\\nModel Number                       : C9300-48P\\r\\nSystem Serial Number               : FOC2430LANK\\r\\nLast reload reason                 : redundancy force-switchover\\r\\nCLEI Code Number                   : \\r\\n\\r\\nSwitch 03\\r\\n---------\\r\\nSwitch uptime                      : 4 days, 9 hours, 23 minutes \\r\\n\\r\\nBase Ethernet MAC Address          : bc:4a:56:9a:94:80\\r\\nMotherboard Assembly Number        : 73-18276-04\\r\\nMotherboard Serial Number          : FOC242841L2\\r\\nModel Revision Number              : D0\\r\\nMotherboard Revision Number        : A0\\r\\nModel Number                       : C9300-24UX\\r\\nSystem Serial Number               : FOC2429LHV7\\r\\nLast reload reason                 : Admin reload CLI\\r\\nCLEI Code Number                   : \\r\\n\\r\\nedge-9300#\\r\\nJan 31 20:36:09.341: [console-relay] Ignoring temporary length setting (0).\\r\\nJan 31 20:36:09.557: [console-relay] Ignoring temporary width setting (0).'\n\nThe above exception was the direct cause of the following exception:\n\nTraceback (most recent call last):\n  File \"/auto/iconatest-bgl/production/hcl/pyats3.6.3/lib/python3.6/site-packages/unicon/bases/routers/connection.py\", line 576, in connect\n    self.connection_provider.connect()\n  File \"/auto/iconatest-bgl/production/hcl/pyats3.6.3/lib/python3.6/site-packages/unicon/bases/routers/connection_provider.py\", line 355, in connect\n    self.init_active()\n  File \"/auto/iconatest-bgl/production/hcl/pyats3.6.3/lib/python3.6/site-packages/unicon/bases/routers/connection_provider.py\", line 441, in init_active\n    self.execute_init_commands()\n  File \"/auto/iconatest-bgl/production/hcl/pyats3.6.3/lib/python3.6/site-packages/unicon/bases/routers/connection_provider.py\", line 119, in execute_init_commands\n    con.execute(command, prompt_recovery = self.prompt_recovery)\n  File \"/auto/iconatest-bgl/production/hcl/pyats3.6.3/lib/python3.6/site-packages/unicon/bases/routers/services.py\", line 254, in __call__\n    self.call_service(*args, **kwargs)\n  File \"/auto/iconatest-bgl/production/hcl/pyats3.6.3/lib/python3.6/site-packages/unicon/plugins/generic/service_implementation.py\", line 1748, in call_service\n    **kwargs)\n  File \"/auto/iconatest-bgl/production/hcl/pyats3.6.3/lib/python3.6/site-packages/unicon/bases/routers/services.py\", line 254, in __call__\n    self.call_service(*args, **kwargs)\n  File \"/auto/iconatest-bgl/production/hcl/pyats3.6.3/lib/python3.6/site-packages/unicon/plugins/generic/service_implementation.py\", line 710, in call_service\n    raise SubCommandFailure(\"Command execution failed\", err) from err\nunicon.core.errors.SubCommandFailure: ('Command execution failed', TimeoutError('timeout occurred:\\n              timeout value: 60\\n              last_command: \\'show version\\\\r\\'\\n             pattern: [\\'^.*\\\\\\\\[confirm\\\\\\\\]\\\\\\\\s*\\\\\\\\[y/n\\\\\\\\].*$\\', \\'^.*\\\\\\\\[confirm(\\\\\\\\(y/n\\\\\\\\))?\\\\\\\\].*$\\', \\'^.*\\\\\\\\[yes[/,][Nn][Oo]\\\\\\\\]\\\\\\\\s?:?\\\\\\\\s*$\\', \\'^.*?%\\\\\\\\w+(-\\\\\\\\w+)?-\\\\\\\\d+-\\\\\\\\w+.*$\\', \\'^.*Overwrite the previous NVRAM configuration\\\\\\\\?\\\\\\\\[confirm\\\\\\\\].*$\\', \\'^.*Delete filename \\\\\\\\[.*\\\\\\\\]\\\\\\\\?\\\\\\\\s*$\\', \\'^.*\\\\\\\\[confirm\\\\\\\\]\\\\\\\\s*$\\', \\'^.*Do you want to continue\\\\\\\\? \\\\\\\\[no\\\\\\\\]:\\\\\\\\s*$\\', \\'^.*Do you want to remove the above files\\\\\\\\? \\\\\\\\[y\\\\\\\\/n]\\\\\\\\s*$\\', \\'^.*--\\\\\\\\s?[Mm]ore\\\\\\\\s?--.*$\\', \\'^(.*?)(WLC|Router|RouterRP|Switch|ios|switch|edge-9300)([0-9])?(\\\\\\\\(standby\\\\\\\\))?(-stby)?(-standby)?(\\\\\\\\(boot\\\\\\\\))?(\\\\\\\\(recovery-mode\\\\\\\\))?#[\\\\\\\\s\\\\\\\\x07]*$\\', \\'^(.*?)(WLC|Router|RouterRP|Switch|ios|switch|edge-9300)([0-9])?(\\\\\\\\(standby\\\\\\\\))?(-stby)?(-standby)?(\\\\\\\\(boot\\\\\\\\))?(\\\\\\\\(recovery-mode\\\\\\\\))?>\\\\\\\\s?$\\', \\'^(.*)\\\\\\\\(.*(con|cfg|ipsec-profile|ca-trustpoint|cs-server|ca-profile|gkm-local-server|cloud)\\\\\\\\S*\\\\\\\\)#\\\\\\\\s?$\\', \\'rommon[\\\\\\\\s\\\\\\\\d]*>\\\\\\\\s?$\\', \\'[S|s]tandby console disabled\\', \\'^(.*?)\\\\\\\\[(edge-9300|[Ss]witch|[Rr]outer).*?\\\\\\\\]\\\\\\\\$\\\\\\\\s?$\\']\\n             buffer:\\'show version\\\\r\\\\nCisco IOS XE Software, Version 17.07.01\\\\r\\\\nCisco IOS Software [Cupertino], Catalyst L3 Switch Software (CAT9K_IOSXE), Version 17.7.1, RELEASE SOFTWARE (fc5)\\\\r\\\\nTechnical Support: http://www.cisco.com/techsupport\\\\r\\\\nCopyright (c) 1986-2021 by Cisco Systems, Inc.\\\\r\\\\nCompiled Sat 04-Dec-21 15:59 by mcpre\\\\r\\\\n\\\\r\\\\n\\\\r\\\\nCisco IOS-XE software, Copyright (c) 2005-2021 by cisco Systems, Inc.\\\\r\\\\nAll rights reserved.  Certain components of Cisco IOS-XE software are\\\\r\\\\nlicensed under the GNU General Public License (\"GPL\") Version 2.0.  The\\\\r\\\\nsoftware code licensed under GPL Version 2.0 is free software that comes\\\\r\\\\nwith ABSOLUTELY NO WARRANTY.  You can redistribute and/or modify such\\\\r\\\\nGPL code under the terms of GPL Version 2.0.  For more details, see the\\\\r\\\\ndocumentation or \"License Notice\" file accompanying the IOS-XE software,\\\\r\\\\nor the applicable URL provided on the flyer accompanying the IOS-XE\\\\r\\\\nsoftware.\\\\r\\\\n\\\\r\\\\n\\\\r\\\\nROM: IOS-XE ROMMON\\\\r\\\\nBOOTLDR: System Bootstrap, Version 17.8.2r, DEVELOPMENT SOFTWARE\\\\r\\\\n\\\\r\\\\nedge-9300 uptime is 4 days, 9 hours, 19 minutes\\\\r\\\\nUptime for this control processor is 4 days, 9 hours, 23 minutes\\\\r\\\\nSystem returned to ROM by SSO Switchover at 10:11:44 UTC Fri Jan 28 2022\\\\r\\\\nSystem restarted at 10:19:00 UTC Fri Jan 28 2022\\\\r\\\\nSystem image file is \"flash:packages.conf\"\\\\r\\\\nLast reload reason: Admin reload CLI\\\\r\\\\n\\\\r\\\\n\\\\r\\\\n\\\\r\\\\nThis product contains cryptographic features and is subject to United\\\\r\\\\nStates and local country laws governing import, export, transfer and\\\\r\\\\nuse. Delivery of Cisco cryptographic products does not imply\\\\r\\\\nthird-party authority to import, export, distribute or use encryption.\\\\r\\\\nImporters, exporters, distributors and users are responsible for\\\\r\\\\ncompliance with U.S. and local country laws. By using this product you\\\\r\\\\nagree to comply with applicable laws and regulations. If you are unable\\\\r\\\\nto comply with U.S. and local laws, return this product immediately.\\\\r\\\\n\\\\r\\\\nA summary of U.S. laws governing Cisco cryptographic products may be found at:\\\\r\\\\nhttp://www.cisco.com/wwl/export/crypto/tool/stqrg.html\\\\r\\\\n\\\\r\\\\nIf you require further assistance please contact us by sending email to\\\\r\\\\nexport@cisco.com.\\\\r\\\\n\\\\r\\\\n\\\\r\\\\nTechnology Package License Information: \\\\r\\\\n\\\\r\\\\n------------------------------------------------------------------------------\\\\r\\\\nTechnology-package                                     Technology-package\\\\r\\\\nCurrent                        Type                       Next reboot  \\\\r\\\\n------------------------------------------------------------------------------\\\\r\\\\nnetwork-advantage   \\\\tSmart License                 \\\\t network-advantage   \\\\r\\\\ndna-advantage       \\\\tSubscription Smart License    \\\\t dna-advantage                 \\\\r\\\\nAIR License Level: AIR DNA Advantage\\\\r\\\\nNext reload AIR license Level: AIR DNA Advantage\\\\r\\\\n\\\\r\\\\n\\\\r\\\\nSmart Licensing Status: Registration Not Applicable/Not Applicable\\\\r\\\\n\\\\r\\\\ncisco C9300-24UX (X86) processor with 1319367K/6147K bytes of memory.\\\\r\\\\nProcessor board ID FOC2429LHRE\\\\r\\\\n5 Virtual Ethernet interfaces\\\\r\\\\n60 Gigabit Ethernet interfaces\\\\r\\\\n72 Ten Gigabit Ethernet interfaces\\\\r\\\\n6 TwentyFive Gigabit Ethernet interfaces\\\\r\\\\n6 Forty Gigabit Ethernet interfaces\\\\r\\\\n2048K bytes of non-volatile configuration memory.\\\\r\\\\n8388608K bytes of physical memory.\\\\r\\\\n1638400K bytes of Crash Files at crashinfo:.\\\\r\\\\n1638400K bytes of Crash Files at crashinfo-3:.\\\\r\\\\n11264000K bytes of Flash at flash:.\\\\r\\\\n11264000K bytes of Flash at flash-3:.\\\\r\\\\n1638400K bytes of Crash Files at crashinfo-1:.\\\\r\\\\n11264000K bytes of Flash at flash-1:.\\\\r\\\\n\\\\r\\\\nBase Ethernet MAC Address          : 3c:13:cc:dc:04:80\\\\r\\\\nMotherboard Assembly Number        : 73-18276-04\\\\r\\\\nMotherboard Serial Number          : FOC242841DR\\\\r\\\\nModel Revision Number              : D0\\\\r\\\\nMotherboard Revision Number        : A0\\\\r\\\\nModel Number                       : C9300-24UX\\\\r\\\\nSystem Serial Number               : FOC2429LHRE\\\\r\\\\nCLEI Code Number                   : \\\\r\\\\n\\\\r\\\\n\\\\r\\\\nSwitch Ports Model              SW Version        SW Image              Mode   \\\\r\\\\n------ ----- -----              ----------        ----------            ----   \\\\r\\\\n     1 65    C9300-48P          17.07.01          CAT9K_IOSXE           INSTALL\\\\r\\\\n*    2 41    C9300-24UX         17.07.01          CAT9K_IOSXE           INSTALL\\\\r\\\\n     3 41    C9300-24UX         17.07.01          CAT9K_IOSXE           INSTALL\\\\r\\\\n\\\\r\\\\n\\\\r\\\\nSwitch 01\\\\r\\\\n---------\\\\r\\\\nSwitch uptime                      : 3 days, 1 hour, 20 minutes \\\\r\\\\n\\\\r\\\\nBase Ethernet MAC Address          : bc:4a:56:e0:aa:00\\\\r\\\\nMotherboard Assembly Number        : 73-18274-05\\\\r\\\\nMotherboard Serial Number          : FOC242842F3\\\\r\\\\nModel Revision Number              : A0\\\\r\\\\nMotherboard Revision Number        : A0\\\\r\\\\nModel Number                       : C9300-48P\\\\r\\\\nSystem Serial Number               : FOC2430LANK\\\\r\\\\nLast reload reason                 : redundancy force-switchover\\\\r\\\\nCLEI Code Number                   : \\\\r\\\\n\\\\r\\\\nSwitch 03\\\\r\\\\n---------\\\\r\\\\nSwitch uptime                      : 4 days, 9 hours, 23 minutes \\\\r\\\\n\\\\r\\\\nBase Ethernet MAC Address          : bc:4a:56:9a:94:80\\\\r\\\\nMotherboard Assembly Number        : 73-18276-04\\\\r\\\\nMotherboard Serial Number          : FOC242841L2\\\\r\\\\nModel Revision Number              : D0\\\\r\\\\nMotherboard Revision Number        : A0\\\\r\\\\nModel Number                       : C9300-24UX\\\\r\\\\nSystem Serial Number               : FOC2429LHV7\\\\r\\\\nLast reload reason                 : Admin reload CLI\\\\r\\\\nCLEI Code Number                   : \\\\r\\\\n\\\\r\\\\nedge-9300#\\\\r\\\\nJan 31 20:36:09.341: [console-relay] Ignoring temporary length setting (0).\\\\r\\\\nJan 31 20:36:09.557: [console-relay] Ignoring temporary width setting (0).\\'',))\n\nThe above exception was the direct cause of the following exception:\n\nTraceback (most recent call last):\n  File \"/auto/iconatest-bgl/users/udasubra/preg/scripts/feature/dnac_assurance/wired_client_assurance.py\", line 1241, in connect_to_devices\n    Variables.device_dict[dev_object].connect()\n  File \"/auto/iconatest-bgl/production/hcl/pyats3.6.3/lib/python3.6/site-packages/pyats/connections/manager.py\", line 426, in connect\n    output = connection.connect()\n  File \"/auto/iconatest-bgl/production/hcl/pyats3.6.3/lib/python3.6/site-packages/unicon/bases/routers/connection.py\", line 583, in connect\n    self.hostname) from err\nunicon.core.errors.ConnectionError: failed to connect to edge-9300\n"]}, {"type": "Subsection", "id": "dnac_connect", "fullid": "Task-1.common_setup.dnac_connect", "idlist": ["Task-1", "common_setup", "dnac_connect"], "name": "dnac_connect", "starttime": "2022-02-02 01:08:13.519097", "stoptime": "2022-02-02 01:08:13.712352", "runtime": 0.193255, "description": " method to create DNAC connect objects and add it to             location accessoble from the global interacter ", "xref": {"file": "/auto/iconatest-bgl/users/udasubra/preg/scripts/feature/dnac_assurance/wired_client_assurance.py", "line": 1244}, "logs": {"file": "TaskLog.Task-1", "begin": 35431, "begin_lines": 241, "size": 2023, "size_lines": 11}, "result": {"value": "passed"}, "details": ["/auto/iconatest-bgl/production/hcl/pyats3.6.3/lib/python3.6/site-packages/urllib3/connectionpool.py:1020:\nInsecureRequestWarning: Unverified HTTPS request is being made to host '10.126.109.107'. Adding certificate verification is strongly advised. See: https://urllib3.readthedocs.io/en/1.26.x/advanced-usage.html#ssl-warnings\n  InsecureRequestWarning,\n"]}, {"type": "Subsection", "id": "create_parent_parameters", "fullid": "Task-1.common_setup.create_parent_parameters", "idlist": ["Task-1", "common_setup", "create_parent_parameters"], "name": "create_parent_parameters", "starttime": "2022-02-02 01:08:13.714998", "stoptime": "2022-02-02 01:08:13.716120", "runtime": 0.001122, "description": "  method to accumulate all created variables and add it to parent parameters                 which can be accessed to all the test scripts ", "xref": {"file": "/auto/iconatest-bgl/users/udasubra/preg/scripts/feature/dnac_assurance/wired_client_assurance.py", "line": 1275}, "logs": {"file": "TaskLog.Task-1", "begin": 37454, "begin_lines": 252, "size": 692, "size_lines": 4}, "result": {"value": "passed"}}]}, {"type": "Testcase", "id": "TestBrownFieldScenario", "fullid": "Task-1.TestBrownFieldScenario", "idlist": ["Task-1", "TestBrownFieldScenario"], "name": "TestBrownFieldScenario", "starttime": "2022-02-02 01:08:13.721780", "stoptime": "2022-02-02 01:08:13.722657", "runtime": 0.000877, "description": " This script to Test Brownfield Scenario ", "xref": {"file": "/auto/iconatest-bgl/users/udasubra/preg/scripts/feature/dnac_assurance/wired_client_assurance.py", "line": 1301}, "logs": {"file": "TaskLog.Task-1", "begin": 38273, "begin_lines": 257, "size": 842, "size_lines": 5}, "result": {"value": "blocked", "reason": "common_setup did not pass"}}, {"type": "Testcase", "id": "TestTelemetryConnectionBrownField", "fullid": "Task-1.TestTelemetryConnectionBrownField", "idlist": ["Task-1", "TestTelemetryConnectionBrownField"], "name": "TestTelemetryConnectionBrownField", "starttime": "2022-02-02 01:08:13.724679", "stoptime": "2022-02-02 01:08:13.725513", "runtime": 0.000834, "description": " This class is to test the telemetry connection details on the brownfield scenario", "xref": {"file": "/auto/iconatest-bgl/users/udasubra/preg/scripts/feature/dnac_assurance/wired_client_assurance.py", "line": 1511}, "logs": {"file": "TaskLog.Task-1", "begin": 39115, "begin_lines": 262, "size": 864, "size_lines": 5}, "result": {"value": "blocked", "reason": "common_setup did not pass"}}, {"type": "Testcase", "id": "DnacGreenFieldScenario", "fullid": "Task-1.DnacGreenFieldScenario", "idlist": ["Task-1", "DnacGreenFieldScenario"], "name": "DnacGreenFieldScenario", "starttime": "2022-02-02 01:08:13.727648", "stoptime": "2022-02-02 01:08:13.728482", "runtime": 0.000834, "description": "\n    Class to test GreenField Wired client Assurance features\n    ", "xref": {"file": "/auto/iconatest-bgl/users/udasubra/preg/scripts/feature/dnac_assurance/wired_client_assurance.py", "line": 1559}, "logs": {"file": "TaskLog.Task-1", "begin": 39979, "begin_lines": 267, "size": 842, "size_lines": 5}, "result": {"value": "blocked", "reason": "common_setup did not pass"}}, {"type": "Testcase", "id": "TestTelemetryConnectionGreenField", "fullid": "Task-1.TestTelemetryConnectionGreenField", "idlist": ["Task-1", "TestTelemetryConnectionGreenField"], "name": "TestTelemetryConnectionGreenField", "starttime": "2022-02-02 01:08:13.731266", "stoptime": "2022-02-02 01:08:13.732107", "runtime": 0.000841, "description": "This class verifies the Telemtry connection for the Greenfield scenario", "xref": {"file": "/auto/iconatest-bgl/users/udasubra/preg/scripts/feature/dnac_assurance/wired_client_assurance.py", "line": 1750}, "logs": {"file": "TaskLog.Task-1", "begin": 40821, "begin_lines": 272, "size": 864, "size_lines": 5}, "result": {"value": "blocked", "reason": "common_setup did not pass"}}, {"type": "Testcase", "id": "DeviceConfigurations", "fullid": "Task-1.DeviceConfigurations", "idlist": ["Task-1", "DeviceConfigurations"], "name": "DeviceConfigurations", "starttime": "2022-02-02 01:08:13.734437", "stoptime": "2022-02-02 01:08:13.735257", "runtime": 0.00082, "description": "This Class is for configuring all the necessary AAA configurations with AAA and Client Configurations", "xref": {"file": "/auto/iconatest-bgl/users/udasubra/preg/scripts/feature/dnac_assurance/wired_client_assurance.py", "line": 1800}, "logs": {"file": "TaskLog.Task-1", "begin": 41685, "begin_lines": 277, "size": 838, "size_lines": 5}, "result": {"value": "blocked", "reason": "common_setup did not pass"}}, {"type": "Testcase", "id": "PopulateAccessDictionary", "fullid": "Task-1.PopulateAccessDictionary", "idlist": ["Task-1", "PopulateAccessDictionary"], "name": "PopulateAccessDictionary", "starttime": "2022-02-02 01:08:13.738021", "stoptime": "2022-02-02 01:08:13.738868", "runtime": 0.000847, "description": " This class is to make sure the clients are up and get the client MAC details", "xref": {"file": "/auto/iconatest-bgl/users/udasubra/preg/scripts/feature/dnac_assurance/wired_client_assurance.py", "line": 1828}, "logs": {"file": "TaskLog.Task-1", "begin": 42523, "begin_lines": 282, "size": 846, "size_lines": 5}, "result": {"value": "blocked", "reason": "common_setup did not pass"}}, {"type": "Testcase", "id": "TestRemoveNetconf", "fullid": "Task-1.TestRemoveNetconf", "idlist": ["Task-1", "TestRemoveNetconf"], "name": "TestRemoveNetconf", "starttime": "2022-02-02 01:08:13.741778", "stoptime": "2022-02-02 01:08:13.742607", "runtime": 0.000829, "description": "\n    Class to test behavior on Netconf configuration change\n    ", "xref": {"file": "/auto/iconatest-bgl/users/udasubra/preg/scripts/feature/dnac_assurance/wired_client_assurance.py", "line": 1899}, "logs": {"file": "TaskLog.Task-1", "begin": 43369, "begin_lines": 287, "size": 832, "size_lines": 5}, "result": {"value": "blocked", "reason": "common_setup did not pass"}}, {"type": "Testcase", "id": "TestIpDhcpFailure", "fullid": "Task-1.TestIpDhcpFailure", "idlist": ["Task-1", "TestIpDhcpFailure"], "name": "TestIpDhcpFailure", "starttime": "2022-02-02 01:08:13.744540", "stoptime": "2022-02-02 01:08:13.745375", "runtime": 0.000835, "description": "\n    Class to test behavior on DHCP IP failure and IP_ASSIGNEMT issue is created in client 360 page\n    ", "xref": {"file": "/auto/iconatest-bgl/users/udasubra/preg/scripts/feature/dnac_assurance/wired_client_assurance.py", "line": 1972}, "logs": {"file": "TaskLog.Task-1", "begin": 44201, "begin_lines": 292, "size": 832, "size_lines": 5}, "result": {"value": "blocked", "reason": "common_setup did not pass"}}, {"type": "Testcase", "id": "TestAaaDown", "fullid": "Task-1.TestAaaDown", "idlist": ["Task-1", "TestAaaDown"], "name": "TestAaaDown", "starttime": "2022-02-02 01:08:13.747344", "stoptime": "2022-02-02 01:08:13.748152", "runtime": 0.000808, "description": "\n    Class to test behavior on AAA Failure and AAA AUTH failure issue is being created on client 360 page\n    ", "xref": {"file": "/auto/iconatest-bgl/users/udasubra/preg/scripts/feature/dnac_assurance/wired_client_assurance.py", "line": 2171}, "logs": {"file": "TaskLog.Task-1", "begin": 45033, "begin_lines": 297, "size": 820, "size_lines": 5}, "result": {"value": "blocked", "reason": "common_setup did not pass"}}, {"type": "Testcase", "id": "DeviceTrackingDbCleared", "fullid": "Task-1.DeviceTrackingDbCleared", "idlist": ["Task-1", "DeviceTrackingDbCleared"], "name": "DeviceTrackingDbCleared", "starttime": "2022-02-02 01:08:13.751291", "stoptime": "2022-02-02 01:08:13.752123", "runtime": 0.000832, "description": "\n    Class to test behavior on device tracking database clearing\n    ", "xref": {"file": "/auto/iconatest-bgl/users/udasubra/preg/scripts/feature/dnac_assurance/wired_client_assurance.py", "line": 2342}, "logs": {"file": "TaskLog.Task-1", "begin": 45853, "begin_lines": 302, "size": 844, "size_lines": 5}, "result": {"value": "blocked", "reason": "common_setup did not pass"}}, {"type": "Testcase", "id": "TestAuthenticatorAndTimeout", "fullid": "Task-1.TestAuthenticatorAndTimeout", "idlist": ["Task-1", "TestAuthenticatorAndTimeout"], "name": "TestAuthenticatorAndTimeout", "starttime": "2022-02-02 01:08:13.754605", "stoptime": "2022-02-02 01:08:13.755427", "runtime": 0.000822, "description": "\n    Class to test behavior on dot1x authentication configuration change\n    ", "xref": {"file": "/auto/iconatest-bgl/users/udasubra/preg/scripts/feature/dnac_assurance/wired_client_assurance.py", "line": 2544}, "logs": {"file": "TaskLog.Task-1", "begin": 46697, "begin_lines": 307, "size": 852, "size_lines": 5}, "result": {"value": "blocked", "reason": "common_setup did not pass"}}, {"type": "Testcase", "id": "AccessVlanChange", "fullid": "Task-1.AccessVlanChange", "idlist": ["Task-1", "AccessVlanChange"], "name": "AccessVlanChange", "starttime": "2022-02-02 01:08:13.759584", "stoptime": "2022-02-02 01:08:13.760423", "runtime": 0.000839, "description": "\n    Class to test behavior on access vlan configuration change\n    ", "xref": {"file": "/auto/iconatest-bgl/users/udasubra/preg/scripts/feature/dnac_assurance/wired_client_assurance.py", "line": 2784}, "logs": {"file": "TaskLog.Task-1", "begin": 47549, "begin_lines": 312, "size": 830, "size_lines": 5}, "result": {"value": "blocked", "reason": "common_setup did not pass"}}, {"type": "Testcase", "id": "TestAccessSessionHostMode", "fullid": "Task-1.TestAccessSessionHostMode", "idlist": ["Task-1", "TestAccessSessionHostMode"], "name": "TestAccessSessionHostMode", "starttime": "2022-02-02 01:08:13.762951", "stoptime": "2022-02-02 01:08:13.763914", "runtime": 0.000963, "description": "\n    Class to test behavior on access session host mode configuration change\n    ", "xref": {"file": "/auto/iconatest-bgl/users/udasubra/preg/scripts/feature/dnac_assurance/wired_client_assurance.py", "line": 3013}, "logs": {"file": "TaskLog.Task-1", "begin": 48379, "begin_lines": 317, "size": 848, "size_lines": 5}, "result": {"value": "blocked", "reason": "common_setup did not pass"}}, {"type": "Testcase", "id": "TestIpDeleteAccessVlan", "fullid": "Task-1.TestIpDeleteAccessVlan", "idlist": ["Task-1", "TestIpDeleteAccessVlan"], "name": "TestIpDeleteAccessVlan", "starttime": "2022-02-02 01:08:13.765993", "stoptime": "2022-02-02 01:08:13.766742", "runtime": 0.000749, "description": "\n    Class to test behavior on Access VLAN ip removal\n    ", "xref": {"file": "/auto/iconatest-bgl/users/udasubra/preg/scripts/feature/dnac_assurance/wired_client_assurance.py", "line": 3246}, "logs": {"file": "TaskLog.Task-1", "begin": 49227, "begin_lines": 322, "size": 842, "size_lines": 5}, "result": {"value": "blocked", "reason": "common_setup did not pass"}}, {"type": "Testcase", "id": "ShutAccessVlan", "fullid": "Task-1.ShutAccessVlan", "idlist": ["Task-1", "ShutAccessVlan"], "name": "ShutAccessVlan", "starttime": "2022-02-02 01:08:13.768573", "stoptime": "2022-02-02 01:08:13.769411", "runtime": 0.000838, "description": "\n    Class to test Access VLAN shutdown\n    ", "xref": {"file": "/auto/iconatest-bgl/users/udasubra/preg/scripts/feature/dnac_assurance/wired_client_assurance.py", "line": 3473}, "logs": {"file": "TaskLog.Task-1", "begin": 50069, "begin_lines": 327, "size": 826, "size_lines": 5}, "result": {"value": "blocked", "reason": "common_setup did not pass"}}, {"type": "Testcase", "id": "RemoveAccessVlan", "fullid": "Task-1.RemoveAccessVlan", "idlist": ["Task-1", "RemoveAccessVlan"], "name": "RemoveAccessVlan", "starttime": "2022-02-02 01:08:13.771351", "stoptime": "2022-02-02 01:08:13.772098", "runtime": 0.000747, "description": "\n    Class to test behavior on Access VLAN removal\n    ", "xref": {"file": "/auto/iconatest-bgl/users/udasubra/preg/scripts/feature/dnac_assurance/wired_client_assurance.py", "line": 3682}, "logs": {"file": "TaskLog.Task-1", "begin": 50895, "begin_lines": 332, "size": 830, "size_lines": 5}, "result": {"value": "blocked", "reason": "common_setup did not pass"}}, {"type": "Testcase", "id": "ConcurrentAuthAllSuccess", "fullid": "Task-1.ConcurrentAuthAllSuccess", "idlist": ["Task-1", "ConcurrentAuthAllSuccess"], "name": "ConcurrentAuthAllSuccess", "starttime": "2022-02-02 01:08:13.774067", "stoptime": "2022-02-02 01:08:13.774801", "runtime": 0.000734, "description": "\n    Class to test behavior for Concurrent Authentication with all success events\n    ", "xref": {"file": "/auto/iconatest-bgl/users/udasubra/preg/scripts/feature/dnac_assurance/wired_client_assurance.py", "line": 3893}, "logs": {"file": "TaskLog.Task-1", "begin": 51725, "begin_lines": 337, "size": 846, "size_lines": 5}, "result": {"value": "blocked", "reason": "common_setup did not pass"}}, {"type": "Testcase", "id": "ConcurrentAuthMabFailDot1xPass", "fullid": "Task-1.ConcurrentAuthMabFailDot1xPass", "idlist": ["Task-1", "ConcurrentAuthMabFailDot1xPass"], "name": "ConcurrentAuthMabFailDot1xPass", "starttime": "2022-02-02 01:08:13.776689", "stoptime": "2022-02-02 01:08:13.777442", "runtime": 0.000753, "description": "\n    Class to test behavior for Concurrent Authentication with MAB failure and DOT1X         authentication successful\n    ", "xref": {"file": "/auto/iconatest-bgl/users/udasubra/preg/scripts/feature/dnac_assurance/wired_client_assurance.py", "line": 4045}, "logs": {"file": "TaskLog.Task-1", "begin": 52571, "begin_lines": 342, "size": 858, "size_lines": 5}, "result": {"value": "blocked", "reason": "common_setup did not pass"}}, {"type": "Testcase", "id": "ConcurrentAuthDot1xFailMabPass", "fullid": "Task-1.ConcurrentAuthDot1xFailMabPass", "idlist": ["Task-1", "ConcurrentAuthDot1xFailMabPass"], "name": "ConcurrentAuthDot1xFailMabPass", "starttime": "2022-02-02 01:08:13.779474", "stoptime": "2022-02-02 01:08:13.780226", "runtime": 0.000752, "description": "\n    Class to test behavior for Concurrent Authentication with MAB success and DOT1X         authentication failure\n    ", "xref": {"file": "/auto/iconatest-bgl/users/udasubra/preg/scripts/feature/dnac_assurance/wired_client_assurance.py", "line": 4198}, "logs": {"file": "TaskLog.Task-1", "begin": 53429, "begin_lines": 347, "size": 858, "size_lines": 5}, "result": {"value": "blocked", "reason": "common_setup did not pass"}}, {"type": "Testcase", "id": "ConcurrentAuthAllFail", "fullid": "Task-1.ConcurrentAuthAllFail", "idlist": ["Task-1", "ConcurrentAuthAllFail"], "name": "ConcurrentAuthAllFail", "starttime": "2022-02-02 01:08:13.782884", "stoptime": "2022-02-02 01:08:13.783638", "runtime": 0.000754, "description": "\n    Class to test behavior for Concurrent Authentication with MAB failure and DOT1X         authentication failure\n    ", "xref": {"file": "/auto/iconatest-bgl/users/udasubra/preg/scripts/feature/dnac_assurance/wired_client_assurance.py", "line": 4355}, "logs": {"file": "TaskLog.Task-1", "begin": 54287, "begin_lines": 352, "size": 840, "size_lines": 5}, "result": {"value": "blocked", "reason": "common_setup did not pass"}}, {"type": "Testcase", "id": "ConcurrentAuthPriMabFailDot1xPass", "fullid": "Task-1.ConcurrentAuthPriMabFailDot1xPass", "idlist": ["Task-1", "ConcurrentAuthPriMabFailDot1xPass"], "name": "ConcurrentAuthPriMabFailDot1xPass", "starttime": "2022-02-02 01:08:13.785895", "stoptime": "2022-02-02 01:08:13.786630", "runtime": 0.000735, "description": "\n    Class to test behavior for Concurrent Authentication Privilege with MAB failure and DOT1X         authentication failure\n    ", "xref": {"file": "/auto/iconatest-bgl/users/udasubra/preg/scripts/feature/dnac_assurance/wired_client_assurance.py", "line": 4559}, "logs": {"file": "TaskLog.Task-1", "begin": 55127, "begin_lines": 357, "size": 864, "size_lines": 5}, "result": {"value": "blocked", "reason": "common_setup did not pass"}}, {"type": "Testcase", "id": "ConcurrentAuthPriMabPassDot1xFail", "fullid": "Task-1.ConcurrentAuthPriMabPassDot1xFail", "idlist": ["Task-1", "ConcurrentAuthPriMabPassDot1xFail"], "name": "ConcurrentAuthPriMabPassDot1xFail", "starttime": "2022-02-02 01:08:13.788744", "stoptime": "2022-02-02 01:08:13.789494", "runtime": 0.00075, "description": "\n    Class to test behavior for Concurrent Authentication Privilage with MAB success and DOT1X         authentication failure\n    ", "xref": {"file": "/auto/iconatest-bgl/users/udasubra/preg/scripts/feature/dnac_assurance/wired_client_assurance.py", "line": 4703}, "logs": {"file": "TaskLog.Task-1", "begin": 55991, "begin_lines": 362, "size": 864, "size_lines": 5}, "result": {"value": "blocked", "reason": "common_setup did not pass"}}, {"type": "Testcase", "id": "ErrDisableSecurityViolation", "fullid": "Task-1.ErrDisableSecurityViolation", "idlist": ["Task-1", "ErrDisableSecurityViolation"], "name": "ErrDisableSecurityViolation", "starttime": "2022-02-02 01:08:13.791393", "stoptime": "2022-02-02 01:08:13.792125", "runtime": 0.000732, "description": "\n    Class to test behavior for Security Violation with an Err Disabled Policy\n    ", "xref": {"file": "/auto/iconatest-bgl/users/udasubra/preg/scripts/feature/dnac_assurance/wired_client_assurance.py", "line": 4860}, "logs": {"file": "TaskLog.Task-1", "begin": 56855, "begin_lines": 367, "size": 852, "size_lines": 5}, "result": {"value": "blocked", "reason": "common_setup did not pass"}}, {"type": "Testcase", "id": "ProtectSecurityViolation", "fullid": "Task-1.ProtectSecurityViolation", "idlist": ["Task-1", "ProtectSecurityViolation"], "name": "ProtectSecurityViolation", "starttime": "2022-02-02 01:08:13.794472", "stoptime": "2022-02-02 01:08:13.795192", "runtime": 0.00072, "description": "\n    Class to test behavior for Security Violation with Protected Policy\n    ", "xref": {"file": "/auto/iconatest-bgl/users/udasubra/preg/scripts/feature/dnac_assurance/wired_client_assurance.py", "line": 5022}, "logs": {"file": "TaskLog.Task-1", "begin": 57707, "begin_lines": 372, "size": 846, "size_lines": 5}, "result": {"value": "blocked", "reason": "common_setup did not pass"}}, {"type": "Testcase", "id": "ReplaceSecurityViolation", "fullid": "Task-1.ReplaceSecurityViolation", "idlist": ["Task-1", "ReplaceSecurityViolation"], "name": "ReplaceSecurityViolation", "starttime": "2022-02-02 01:08:13.798482", "stoptime": "2022-02-02 01:08:13.799215", "runtime": 0.000733, "description": "\n    Class to test behavior for Security Violation with Replace Policy\n    ", "xref": {"file": "/auto/iconatest-bgl/users/udasubra/preg/scripts/feature/dnac_assurance/wired_client_assurance.py", "line": 5191}, "logs": {"file": "TaskLog.Task-1", "begin": 58553, "begin_lines": 377, "size": 846, "size_lines": 5}, "result": {"value": "blocked", "reason": "common_setup did not pass"}}, {"type": "Testcase", "id": "RestrictSecurityViolation", "fullid": "Task-1.RestrictSecurityViolation", "idlist": ["Task-1", "RestrictSecurityViolation"], "name": "RestrictSecurityViolation", "starttime": "2022-02-02 01:08:13.801959", "stoptime": "2022-02-02 01:08:13.802861", "runtime": 0.000902, "description": "\n    Class to test behavior for Secutiry Violation with a Restricted Policy\n    ", "xref": {"file": "/auto/iconatest-bgl/users/udasubra/preg/scripts/feature/dnac_assurance/wired_client_assurance.py", "line": 5352}, "logs": {"file": "TaskLog.Task-1", "begin": 59399, "begin_lines": 382, "size": 848, "size_lines": 5}, "result": {"value": "blocked", "reason": "common_setup did not pass"}}, {"type": "Testcase", "id": "TestDeviceReload", "fullid": "Task-1.TestDeviceReload", "idlist": ["Task-1", "TestDeviceReload"], "name": "TestDeviceReload", "starttime": "2022-02-02 01:08:13.804769", "stoptime": "2022-02-02 01:08:13.805633", "runtime": 0.000864, "description": "\n    Class to test behavior after a device reload\n    ", "xref": {"file": "/auto/iconatest-bgl/users/udasubra/preg/scripts/feature/dnac_assurance/wired_client_assurance.py", "line": 5521}, "logs": {"file": "TaskLog.Task-1", "begin": 60247, "begin_lines": 387, "size": 830, "size_lines": 5}, "result": {"value": "blocked", "reason": "common_setup did not pass"}}, {"type": "Testcase", "id": "TestSwo", "fullid": "Task-1.TestSwo", "idlist": ["Task-1", "TestSwo"], "name": "TestSwo", "starttime": "2022-02-02 01:08:13.808568", "stoptime": "2022-02-02 01:08:13.809346", "runtime": 0.000778, "description": "\n    Class to test behavior after a Redundency Switchover\n    ", "xref": {"file": "/auto/iconatest-bgl/users/udasubra/preg/scripts/feature/dnac_assurance/wired_client_assurance.py", "line": 5587}, "logs": {"file": "TaskLog.Task-1", "begin": 61077, "begin_lines": 392, "size": 812, "size_lines": 5}, "result": {"value": "blocked", "reason": "common_setup did not pass"}}, {"type": "Testcase", "id": "ISSUUpdate", "fullid": "Task-1.ISSUUpdate", "idlist": ["Task-1", "ISSUUpdate"], "name": "ISSUUpdate", "starttime": "2022-02-02 01:08:13.811549", "stoptime": "2022-02-02 01:08:13.812305", "runtime": 0.000756, "description": "\n    Class to test behavior after an ISSU updation\n    ", "xref": {"file": "/auto/iconatest-bgl/users/udasubra/preg/scripts/feature/dnac_assurance/wired_client_assurance.py", "line": 5669}, "logs": {"file": "TaskLog.Task-1", "begin": 61889, "begin_lines": 397, "size": 818, "size_lines": 5}, "result": {"value": "blocked", "reason": "common_setup did not pass"}}, {"type": "Testcase", "id": "DeleteDevicesFromDnac", "fullid": "Task-1.DeleteDevicesFromDnac", "idlist": ["Task-1", "DeleteDevicesFromDnac"], "name": "DeleteDevicesFromDnac", "starttime": "2022-02-02 01:08:13.814779", "stoptime": "2022-02-02 01:08:13.815662", "runtime": 0.000883, "description": "\n    Class is to test the deletion of Devices from Dnac\n    ", "xref": {"file": "/auto/iconatest-bgl/users/udasubra/preg/scripts/feature/dnac_assurance/wired_client_assurance.py", "line": 5747}, "logs": {"file": "TaskLog.Task-1", "begin": 62707, "begin_lines": 402, "size": 840, "size_lines": 5}, "result": {"value": "blocked", "reason": "common_setup did not pass"}}, {"type": "CommonCleanup", "id": "common_cleanup", "fullid": "Task-1.common_cleanup", "idlist": ["Task-1", "common_cleanup"], "name": "common_cleanup", "starttime": "2022-02-02 01:08:13.818259", "stoptime": "2022-02-02 01:08:33.869989", "runtime": 20.05173, "description": "\n    Common cleanup removes all the configs leaves the devices at the starting state.\n    ", "xref": {"file": "/auto/iconatest-bgl/users/udasubra/preg/scripts/feature/dnac_assurance/wired_client_assurance.py", "line": 5850}, "logs": {"file": "TaskLog.Task-1", "begin": 63547, "begin_lines": 407, "size": 2928, "size_lines": 17}, "result": {"value": "errored"}, "sections": [{"type": "Subsection", "id": "clean_up_devices", "fullid": "Task-1.common_cleanup.clean_up_devices", "idlist": ["Task-1", "common_cleanup", "clean_up_devices"], "name": "clean_up_devices", "starttime": "2022-02-02 01:08:13.819262", "stoptime": "2022-02-02 01:08:13.821608", "runtime": 0.002346, "description": " clean up all the configs from devices ", "xref": {"file": "/auto/iconatest-bgl/users/udasubra/preg/scripts/feature/dnac_assurance/wired_client_assurance.py", "line": 5855}, "logs": {"file": "TaskLog.Task-1", "begin": 64090, "begin_lines": 410, "size": 1565, "size_lines": 9}, "result": {"value": "errored", "reason": "Caught an exception while executing subsection clean_up_devices", "data": {"traceback": "Traceback (most recent call last):\n  File \"/auto/iconatest-bgl/users/udasubra/preg/scripts/feature/dnac_assurance/wired_client_assurance.py\", line 5858, in clean_up_devices\n    for uut in Variables.telemetry_success_devices:\nAttributeError: type object 'Variables' has no attribute 'telemetry_success_devices'\n"}}, "details": ["Caught an exception while executing subsection clean_up_devices:\nTraceback (most recent call last):\n  File \"/auto/iconatest-bgl/users/udasubra/preg/scripts/feature/dnac_assurance/wired_client_assurance.py\", line 5858, in clean_up_devices\n    for uut in Variables.telemetry_success_devices:\nAttributeError: type object 'Variables' has no attribute 'telemetry_success_devices'\n"]}, {"type": "Subsection", "id": "disconnect_from_devices", "fullid": "Task-1.common_cleanup.disconnect_from_devices", "idlist": ["Task-1", "common_cleanup", "disconnect_from_devices"], "name": "disconnect_from_devices", "starttime": "2022-02-02 01:08:13.824211", "stoptime": "2022-02-02 01:08:33.866940", "runtime": 20.042729, "description": " Disconnect all the devices ", "xref": {"file": "/auto/iconatest-bgl/users/udasubra/preg/scripts/feature/dnac_assurance/wired_client_assurance.py", "line": 5885}, "logs": {"file": "TaskLog.Task-1", "begin": 65655, "begin_lines": 419, "size": 691, "size_lines": 4}, "result": {"value": "passed"}}]}]}]}}