<?xml version="1.0" ?>
<jobSummary archiveFilename="/auto/iconatest-bgl/production/hcl/pyats3.6.3/users/udasubra/archive/22-02/wired_client_assurance_job.2022Feb02_01:06:39.219672.zip" atsTreePath="/auto/iconatest-bgl/production/hcl/pyats3.6.3">
  <jobName>wired_client_assurance_job</jobName>
  <image/>
  <aborted>0</aborted>
  <passed>0</passed>
  <passx>0</passx>
  <failed>0</failed>
  <blocked>30</blocked>
  <skipped>0</skipped>
  <errored>2</errored>
  <unknown>0</unknown>
  <never_ran>0</never_ran>
  <total>32</total>
  <success_rate>0.0</success_rate>
  <starttime>2022-02-02T01:06:45</starttime>
  <stoptime>2022-02-02T01:08:34</stoptime>
  <runtime>00:01:49</runtime>
  <testbed/>
  <release/>
  <submitter>udasubra</submitter>
  <debugProfile>0</debugProfile>
  <host>bgl-ads-2809</host>
</jobSummary>
